"Age","1985","1986","1987","1988","1989","1990","1991","1992","1993","1994","1995","1996","1997","1998","1999","2000","2001","2002","2003","2004","2005","2006","2007","2008","2009","2010","2011","2012","2013","2014","2015","2016","2017","2018","2019","2020","2021","2022","2023","2024","2025","2026","2027","2028","2029","2030"
0,0.0005132,0.0007229,0.0009729,0.0012541,0.0015451,0.0018033,0.0020115,0.0021818,0.0023352,0.0028549,0.0024902,0.0024322,0.0027588,0.0028596,0.00284,0.0027699,0.0026646,0.0025233,0.0023677,0.0020518,0.001796,0.0015683,0.0013791,0.001114,0.0008723,0.0006432,0.0003951,0.0003063,0.0002605,0.0002238,0.0001649,0.0001293,0.000127,0.0001302,0.0001288,9.75e-05,7.89e-05,7.36e-05,7.8e-05,7.17e-05,6.49e-05,5.68e-05,5.1e-05,4.71e-05,4.28e-05,4.02e-05
1,0.0005132,0.0007229,0.0009729,0.0012541,0.0015451,0.0018033,0.0020115,0.0021818,0.0023352,0.0028549,0.0024902,0.0024322,0.0027588,0.0028596,0.00284,0.0027699,0.0026646,0.0025233,0.0023677,0.0020518,0.001796,0.0015683,0.0013791,0.001114,0.0008723,0.0006432,0.0003951,0.0003063,0.0002605,0.0002238,0.0001649,0.0001293,0.000127,0.0001302,0.0001288,9.75e-05,7.89e-05,7.36e-05,7.8e-05,7.17e-05,6.49e-05,5.68e-05,5.1e-05,4.71e-05,4.28e-05,4.02e-05
2,0.0005132,0.0007229,0.0009729,0.0012541,0.0015451,0.0018033,0.0020115,0.0021818,0.0023352,0.0028549,0.0024902,0.0024322,0.0027588,0.0028596,0.00284,0.0027699,0.0026646,0.0025233,0.0023677,0.0020518,0.001796,0.0015683,0.0013791,0.001114,0.0008723,0.0006432,0.0003951,0.0003063,0.0002605,0.0002238,0.0001649,0.0001293,0.000127,0.0001302,0.0001288,9.75e-05,7.89e-05,7.36e-05,7.8e-05,7.17e-05,6.49e-05,5.68e-05,5.1e-05,4.71e-05,4.28e-05,4.02e-05
3,0.0005132,0.0007229,0.0009729,0.0012541,0.0015451,0.0018033,0.0020115,0.0021818,0.0023352,0.0028549,0.0024902,0.0024322,0.0027588,0.0028596,0.00284,0.0027699,0.0026646,0.0025233,0.0023677,0.0020518,0.001796,0.0015683,0.0013791,0.001114,0.0008723,0.0006432,0.0003951,0.0003063,0.0002605,0.0002238,0.0001649,0.0001293,0.000127,0.0001302,0.0001288,9.75e-05,7.89e-05,7.36e-05,7.8e-05,7.17e-05,6.49e-05,5.68e-05,5.1e-05,4.71e-05,4.28e-05,4.02e-05
4,0.0005132,0.0007229,0.0009729,0.0012541,0.0015451,0.0018033,0.0020115,0.0021818,0.0023352,0.0028549,0.0024902,0.0024322,0.0027588,0.0028596,0.00284,0.0027699,0.0026646,0.0025233,0.0023677,0.0020518,0.001796,0.0015683,0.0013791,0.001114,0.0008723,0.0006432,0.0003951,0.0003063,0.0002605,0.0002238,0.0001649,0.0001293,0.000127,0.0001302,0.0001288,9.75e-05,7.89e-05,7.36e-05,7.8e-05,7.17e-05,6.49e-05,5.68e-05,5.1e-05,4.71e-05,4.28e-05,4.02e-05
5,6.6e-06,1.07e-05,1.71e-05,2.65e-05,4.01e-05,5.95e-05,8.52e-05,0.0001164,0.0001521,0.0002231,0.0002229,0.0002391,0.0002948,0.0003321,0.000356,0.0003779,0.000395,0.0004047,0.0004107,0.0004049,0.0003953,0.0003791,0.000348,0.0003126,0.0002796,0.0002489,0.0002153,0.0001647,0.0001308,9.92e-05,6.52e-05,4.43e-05,3.04e-05,2.49e-05,2.18e-05,1.9e-05,1.8e-05,1.68e-05,1.49e-05,1.27e-05,1.05e-05,8.8e-06,7.9e-06,6.8e-06,6.1e-06,5.7e-06
6,6.6e-06,1.07e-05,1.71e-05,2.65e-05,4.01e-05,5.95e-05,8.52e-05,0.0001164,0.0001521,0.0002231,0.0002229,0.0002391,0.0002948,0.0003321,0.000356,0.0003779,0.000395,0.0004047,0.0004107,0.0004049,0.0003953,0.0003791,0.000348,0.0003126,0.0002796,0.0002489,0.0002153,0.0001647,0.0001308,9.92e-05,6.52e-05,4.43e-05,3.04e-05,2.49e-05,2.18e-05,1.9e-05,1.8e-05,1.68e-05,1.49e-05,1.27e-05,1.05e-05,8.8e-06,7.9e-06,6.8e-06,6.1e-06,5.7e-06
7,6.6e-06,1.07e-05,1.71e-05,2.65e-05,4.01e-05,5.95e-05,8.52e-05,0.0001164,0.0001521,0.0002231,0.0002229,0.0002391,0.0002948,0.0003321,0.000356,0.0003779,0.000395,0.0004047,0.0004107,0.0004049,0.0003953,0.0003791,0.000348,0.0003126,0.0002796,0.0002489,0.0002153,0.0001647,0.0001308,9.92e-05,6.52e-05,4.43e-05,3.04e-05,2.49e-05,2.18e-05,1.9e-05,1.8e-05,1.68e-05,1.49e-05,1.27e-05,1.05e-05,8.8e-06,7.9e-06,6.8e-06,6.1e-06,5.7e-06
8,6.6e-06,1.07e-05,1.71e-05,2.65e-05,4.01e-05,5.95e-05,8.52e-05,0.0001164,0.0001521,0.0002231,0.0002229,0.0002391,0.0002948,0.0003321,0.000356,0.0003779,0.000395,0.0004047,0.0004107,0.0004049,0.0003953,0.0003791,0.000348,0.0003126,0.0002796,0.0002489,0.0002153,0.0001647,0.0001308,9.92e-05,6.52e-05,4.43e-05,3.04e-05,2.49e-05,2.18e-05,1.9e-05,1.8e-05,1.68e-05,1.49e-05,1.27e-05,1.05e-05,8.8e-06,7.9e-06,6.8e-06,6.1e-06,5.7e-06
9,6.6e-06,1.07e-05,1.71e-05,2.65e-05,4.01e-05,5.95e-05,8.52e-05,0.0001164,0.0001521,0.0002231,0.0002229,0.0002391,0.0002948,0.0003321,0.000356,0.0003779,0.000395,0.0004047,0.0004107,0.0004049,0.0003953,0.0003791,0.000348,0.0003126,0.0002796,0.0002489,0.0002153,0.0001647,0.0001308,9.92e-05,6.52e-05,4.43e-05,3.04e-05,2.49e-05,2.18e-05,1.9e-05,1.8e-05,1.68e-05,1.49e-05,1.27e-05,1.05e-05,8.8e-06,7.9e-06,6.8e-06,6.1e-06,5.7e-06
10,1e-07,6e-07,1.2e-06,2.1e-06,3.8e-06,6.5e-06,1.05e-05,1.66e-05,2.55e-05,4.47e-05,5.54e-05,7.34e-05,0.0001108,0.0001497,0.0001885,0.000227,0.0002622,0.0002919,0.0003164,0.000342,0.0003696,0.0003859,0.0003781,0.0003594,0.000334,0.0003112,0.000281,0.0002348,0.000219,0.000203,0.0001679,0.0001569,0.0001335,0.0001036,7.5e-05,5.73e-05,4.02e-05,3.09e-05,2.5e-05,2.14e-05,1.7e-05,1.25e-05,1.09e-05,9.3e-06,8.1e-06,6.8e-06
11,1e-07,6e-07,1.2e-06,2.1e-06,3.8e-06,6.5e-06,1.05e-05,1.66e-05,2.55e-05,4.47e-05,5.54e-05,7.34e-05,0.0001108,0.0001497,0.0001885,0.000227,0.0002622,0.0002919,0.0003164,0.000342,0.0003696,0.0003859,0.0003781,0.0003594,0.000334,0.0003112,0.000281,0.0002348,0.000219,0.000203,0.0001679,0.0001569,0.0001335,0.0001036,7.5e-05,5.73e-05,4.02e-05,3.09e-05,2.5e-05,2.14e-05,1.7e-05,1.25e-05,1.09e-05,9.3e-06,8.1e-06,6.8e-06
12,1e-07,6e-07,1.2e-06,2.1e-06,3.8e-06,6.5e-06,1.05e-05,1.66e-05,2.55e-05,4.47e-05,5.54e-05,7.34e-05,0.0001108,0.0001497,0.0001885,0.000227,0.0002622,0.0002919,0.0003164,0.000342,0.0003696,0.0003859,0.0003781,0.0003594,0.000334,0.0003112,0.000281,0.0002348,0.000219,0.000203,0.0001679,0.0001569,0.0001335,0.0001036,7.5e-05,5.73e-05,4.02e-05,3.09e-05,2.5e-05,2.14e-05,1.7e-05,1.25e-05,1.09e-05,9.3e-06,8.1e-06,6.8e-06
13,1e-07,6e-07,1.2e-06,2.1e-06,3.8e-06,6.5e-06,1.05e-05,1.66e-05,2.55e-05,4.47e-05,5.54e-05,7.34e-05,0.0001108,0.0001497,0.0001885,0.000227,0.0002622,0.0002919,0.0003164,0.000342,0.0003696,0.0003859,0.0003781,0.0003594,0.000334,0.0003112,0.000281,0.0002348,0.000219,0.000203,0.0001679,0.0001569,0.0001335,0.0001036,7.5e-05,5.73e-05,4.02e-05,3.09e-05,2.5e-05,2.14e-05,1.7e-05,1.25e-05,1.09e-05,9.3e-06,8.1e-06,6.8e-06
14,1e-07,6e-07,1.2e-06,2.1e-06,3.8e-06,6.5e-06,1.05e-05,1.66e-05,2.55e-05,4.47e-05,5.54e-05,7.34e-05,0.0001108,0.0001497,0.0001885,0.000227,0.0002622,0.0002919,0.0003164,0.000342,0.0003696,0.0003859,0.0003781,0.0003594,0.000334,0.0003112,0.000281,0.0002348,0.000219,0.000203,0.0001679,0.0001569,0.0001335,0.0001036,7.5e-05,5.73e-05,4.02e-05,3.09e-05,2.5e-05,2.14e-05,1.7e-05,1.25e-05,1.09e-05,9.3e-06,8.1e-06,6.8e-06
15,4.1e-06,5.4e-06,6.6e-06,7.8e-06,9.1e-06,1.07e-05,1.19e-05,1.24e-05,1.34e-05,1.75e-05,1.9e-05,2.29e-05,3.33e-05,4.68e-05,6.47e-05,9.03e-05,0.0001225,0.0001603,0.0002025,0.0002327,0.0002297,0.000207,0.000183,0.0001662,0.0001553,0.0001519,0.0001528,0.0001517,0.0001532,0.0001535,0.0001532,0.0001552,0.0001466,0.0001372,0.0001357,0.0001277,0.0001217,0.0001083,9.38e-05,7.02e-05,5.34e-05,3.84e-05,3.05e-05,2.53e-05,2.13e-05,1.78e-05
16,4.1e-06,5.4e-06,6.6e-06,7.8e-06,9.1e-06,1.07e-05,1.19e-05,1.24e-05,1.34e-05,1.75e-05,1.9e-05,2.29e-05,3.33e-05,4.68e-05,6.47e-05,9.03e-05,0.0001225,0.0001603,0.0002025,0.0002327,0.0002297,0.000207,0.000183,0.0001662,0.0001553,0.0001519,0.0001528,0.0001517,0.0001532,0.0001535,0.0001532,0.0001552,0.0001466,0.0001372,0.0001357,0.0001277,0.0001217,0.0001083,9.38e-05,7.02e-05,5.34e-05,3.84e-05,3.05e-05,2.53e-05,2.13e-05,1.78e-05
17,4.1e-06,5.4e-06,6.6e-06,7.8e-06,9.1e-06,1.07e-05,1.19e-05,1.24e-05,1.34e-05,1.75e-05,1.9e-05,2.29e-05,3.33e-05,4.68e-05,6.47e-05,9.03e-05,0.0001225,0.0001603,0.0002025,0.0002327,0.0002297,0.000207,0.000183,0.0001662,0.0001553,0.0001519,0.0001528,0.0001517,0.0001532,0.0001535,0.0001532,0.0001552,0.0001466,0.0001372,0.0001357,0.0001277,0.0001217,0.0001083,9.38e-05,7.02e-05,5.34e-05,3.84e-05,3.05e-05,2.53e-05,2.13e-05,1.78e-05
18,4.1e-06,5.4e-06,6.6e-06,7.8e-06,9.1e-06,1.07e-05,1.19e-05,1.24e-05,1.34e-05,1.75e-05,1.9e-05,2.29e-05,3.33e-05,4.68e-05,6.47e-05,9.03e-05,0.0001225,0.0001603,0.0002025,0.0002327,0.0002297,0.000207,0.000183,0.0001662,0.0001553,0.0001519,0.0001528,0.0001517,0.0001532,0.0001535,0.0001532,0.0001552,0.0001466,0.0001372,0.0001357,0.0001277,0.0001217,0.0001083,9.38e-05,7.02e-05,5.34e-05,3.84e-05,3.05e-05,2.53e-05,2.13e-05,1.78e-05
19,4.1e-06,5.4e-06,6.6e-06,7.8e-06,9.1e-06,1.07e-05,1.19e-05,1.24e-05,1.34e-05,1.75e-05,1.9e-05,2.29e-05,3.33e-05,4.68e-05,6.47e-05,9.03e-05,0.0001225,0.0001603,0.0002025,0.0002327,0.0002297,0.000207,0.000183,0.0001662,0.0001553,0.0001519,0.0001528,0.0001517,0.0001532,0.0001535,0.0001532,0.0001552,0.0001466,0.0001372,0.0001357,0.0001277,0.0001217,0.0001083,9.38e-05,7.02e-05,5.34e-05,3.84e-05,3.05e-05,2.53e-05,2.13e-05,1.78e-05
20,6.48e-05,8.9e-05,0.0001186,0.0001527,0.0001882,0.0002205,0.0002452,0.0002565,0.0002606,0.0002921,0.000266,0.000242,0.0002614,0.0002621,0.0002529,0.0002401,0.000226,0.0002118,0.0001997,0.0001851,0.0001606,0.0001364,0.0001228,0.0001218,0.0001242,0.0001282,0.0001327,0.0001366,0.0001425,0.0001495,0.00016,0.0001713,0.0001661,0.0001568,0.0001565,0.0001482,0.0001416,0.0001384,0.0001376,0.0001243,0.0001128,0.000103,9.07e-05,7.68e-05,6.39e-05,5.23e-05
21,6.48e-05,8.9e-05,0.0001186,0.0001527,0.0001882,0.0002205,0.0002452,0.0002565,0.0002606,0.0002921,0.000266,0.000242,0.0002614,0.0002621,0.0002529,0.0002401,0.000226,0.0002118,0.0001997,0.0001851,0.0001606,0.0001364,0.0001228,0.0001218,0.0001242,0.0001282,0.0001327,0.0001366,0.0001425,0.0001495,0.00016,0.0001713,0.0001661,0.0001568,0.0001565,0.0001482,0.0001416,0.0001384,0.0001376,0.0001243,0.0001128,0.000103,9.07e-05,7.68e-05,6.39e-05,5.23e-05
22,6.48e-05,8.9e-05,0.0001186,0.0001527,0.0001882,0.0002205,0.0002452,0.0002565,0.0002606,0.0002921,0.000266,0.000242,0.0002614,0.0002621,0.0002529,0.0002401,0.000226,0.0002118,0.0001997,0.0001851,0.0001606,0.0001364,0.0001228,0.0001218,0.0001242,0.0001282,0.0001327,0.0001366,0.0001425,0.0001495,0.00016,0.0001713,0.0001661,0.0001568,0.0001565,0.0001482,0.0001416,0.0001384,0.0001376,0.0001243,0.0001128,0.000103,9.07e-05,7.68e-05,6.39e-05,5.23e-05
23,6.48e-05,8.9e-05,0.0001186,0.0001527,0.0001882,0.0002205,0.0002452,0.0002565,0.0002606,0.0002921,0.000266,0.000242,0.0002614,0.0002621,0.0002529,0.0002401,0.000226,0.0002118,0.0001997,0.0001851,0.0001606,0.0001364,0.0001228,0.0001218,0.0001242,0.0001282,0.0001327,0.0001366,0.0001425,0.0001495,0.00016,0.0001713,0.0001661,0.0001568,0.0001565,0.0001482,0.0001416,0.0001384,0.0001376,0.0001243,0.0001128,0.000103,9.07e-05,7.68e-05,6.39e-05,5.23e-05
24,6.48e-05,8.9e-05,0.0001186,0.0001527,0.0001882,0.0002205,0.0002452,0.0002565,0.0002606,0.0002921,0.000266,0.000242,0.0002614,0.0002621,0.0002529,0.0002401,0.000226,0.0002118,0.0001997,0.0001851,0.0001606,0.0001364,0.0001228,0.0001218,0.0001242,0.0001282,0.0001327,0.0001366,0.0001425,0.0001495,0.00016,0.0001713,0.0001661,0.0001568,0.0001565,0.0001482,0.0001416,0.0001384,0.0001376,0.0001243,0.0001128,0.000103,9.07e-05,7.68e-05,6.39e-05,5.23e-05
25,0.0002512,0.0003478,0.0004727,0.0006281,0.0008065,0.0009941,0.001181,0.0013509,0.0014881,0.0017436,0.0016338,0.0015695,0.0017479,0.0017838,0.0017734,0.0017556,0.0016659,0.0015745,0.0014604,0.0012769,0.0009864,0.0007165,0.0005461,0.0004516,0.0003839,0.000332,0.000288,0.0002519,0.0002288,0.0002148,0.0002081,0.0002043,0.000184,0.0001639,0.0001605,0.0001488,0.0001411,0.0001378,0.0001388,0.0001226,0.0001095,0.000102,9.61e-05,9.05e-05,8.51e-05,7.96e-05
26,0.0002512,0.0003478,0.0004727,0.0006281,0.0008065,0.0009941,0.001181,0.0013509,0.0014881,0.0017436,0.0016338,0.0015695,0.0017479,0.0017838,0.0017734,0.0017556,0.0016659,0.0015745,0.0014604,0.0012769,0.0009864,0.0007165,0.0005461,0.0004516,0.0003839,0.000332,0.000288,0.0002519,0.0002288,0.0002148,0.0002081,0.0002043,0.000184,0.0001639,0.0001605,0.0001488,0.0001411,0.0001378,0.0001388,0.0001226,0.0001095,0.000102,9.61e-05,9.05e-05,8.51e-05,7.96e-05
27,0.0002512,0.0003478,0.0004727,0.0006281,0.0008065,0.0009941,0.001181,0.0013509,0.0014881,0.0017436,0.0016338,0.0015695,0.0017479,0.0017838,0.0017734,0.0017556,0.0016659,0.0015745,0.0014604,0.0012769,0.0009864,0.0007165,0.0005461,0.0004516,0.0003839,0.000332,0.000288,0.0002519,0.0002288,0.0002148,0.0002081,0.0002043,0.000184,0.0001639,0.0001605,0.0001488,0.0001411,0.0001378,0.0001388,0.0001226,0.0001095,0.000102,9.61e-05,9.05e-05,8.51e-05,7.96e-05
28,0.0002512,0.0003478,0.0004727,0.0006281,0.0008065,0.0009941,0.001181,0.0013509,0.0014881,0.0017436,0.0016338,0.0015695,0.0017479,0.0017838,0.0017734,0.0017556,0.0016659,0.0015745,0.0014604,0.0012769,0.0009864,0.0007165,0.0005461,0.0004516,0.0003839,0.000332,0.000288,0.0002519,0.0002288,0.0002148,0.0002081,0.0002043,0.000184,0.0001639,0.0001605,0.0001488,0.0001411,0.0001378,0.0001388,0.0001226,0.0001095,0.000102,9.61e-05,9.05e-05,8.51e-05,7.96e-05
29,0.0002512,0.0003478,0.0004727,0.0006281,0.0008065,0.0009941,0.001181,0.0013509,0.0014881,0.0017436,0.0016338,0.0015695,0.0017479,0.0017838,0.0017734,0.0017556,0.0016659,0.0015745,0.0014604,0.0012769,0.0009864,0.0007165,0.0005461,0.0004516,0.0003839,0.000332,0.000288,0.0002519,0.0002288,0.0002148,0.0002081,0.0002043,0.000184,0.0001639,0.0001605,0.0001488,0.0001411,0.0001378,0.0001388,0.0001226,0.0001095,0.000102,9.61e-05,9.05e-05,8.51e-05,7.96e-05
30,0.0003597,0.0005014,0.0006871,0.0009249,0.0012131,0.0015405,0.0019013,0.0022704,0.0026223,0.0032004,0.0032062,0.0032388,0.0037887,0.0040119,0.0041261,0.0041591,0.0041806,0.0040673,0.0039157,0.0035485,0.0028317,0.0020517,0.0015697,0.0012839,0.001075,0.0009148,0.0007738,0.0006484,0.0005568,0.0004874,0.0004374,0.0003933,0.0003297,0.0002769,0.0002556,0.000225,0.0002038,0.0001909,0.0001861,0.0001613,0.0001444,0.0001354,0.0001282,0.0001215,0.0001149,0.0001079
31,0.0003597,0.0005014,0.0006871,0.0009249,0.0012131,0.0015405,0.0019013,0.0022704,0.0026223,0.0032004,0.0032062,0.0032388,0.0037887,0.0040119,0.0041261,0.0041591,0.0041806,0.0040673,0.0039157,0.0035485,0.0028317,0.0020517,0.0015697,0.0012839,0.001075,0.0009148,0.0007738,0.0006484,0.0005568,0.0004874,0.0004374,0.0003933,0.0003297,0.0002769,0.0002556,0.000225,0.0002038,0.0001909,0.0001861,0.0001613,0.0001444,0.0001354,0.0001282,0.0001215,0.0001149,0.0001079
32,0.0003597,0.0005014,0.0006871,0.0009249,0.0012131,0.0015405,0.0019013,0.0022704,0.0026223,0.0032004,0.0032062,0.0032388,0.0037887,0.0040119,0.0041261,0.0041591,0.0041806,0.0040673,0.0039157,0.0035485,0.0028317,0.0020517,0.0015697,0.0012839,0.001075,0.0009148,0.0007738,0.0006484,0.0005568,0.0004874,0.0004374,0.0003933,0.0003297,0.0002769,0.0002556,0.000225,0.0002038,0.0001909,0.0001861,0.0001613,0.0001444,0.0001354,0.0001282,0.0001215,0.0001149,0.0001079
33,0.0003597,0.0005014,0.0006871,0.0009249,0.0012131,0.0015405,0.0019013,0.0022704,0.0026223,0.0032004,0.0032062,0.0032388,0.0037887,0.0040119,0.0041261,0.0041591,0.0041806,0.0040673,0.0039157,0.0035485,0.0028317,0.0020517,0.0015697,0.0012839,0.001075,0.0009148,0.0007738,0.0006484,0.0005568,0.0004874,0.0004374,0.0003933,0.0003297,0.0002769,0.0002556,0.000225,0.0002038,0.0001909,0.0001861,0.0001613,0.0001444,0.0001354,0.0001282,0.0001215,0.0001149,0.0001079
34,0.0003597,0.0005014,0.0006871,0.0009249,0.0012131,0.0015405,0.0019013,0.0022704,0.0026223,0.0032004,0.0032062,0.0032388,0.0037887,0.0040119,0.0041261,0.0041591,0.0041806,0.0040673,0.0039157,0.0035485,0.0028317,0.0020517,0.0015697,0.0012839,0.001075,0.0009148,0.0007738,0.0006484,0.0005568,0.0004874,0.0004374,0.0003933,0.0003297,0.0002769,0.0002556,0.000225,0.0002038,0.0001909,0.0001861,0.0001613,0.0001444,0.0001354,0.0001282,0.0001215,0.0001149,0.0001079
35,0.0004744,0.0006715,0.0009317,0.0012628,0.0016591,0.0021081,0.0026077,0.0031334,0.0036649,0.0045124,0.0046698,0.0048607,0.0058944,0.0063886,0.006776,0.0070483,0.0072114,0.0072961,0.0072793,0.0067176,0.005373,0.004051,0.0031268,0.0025653,0.0021541,0.0018597,0.0015557,0.0012957,0.0011014,0.0009469,0.0008233,0.0007013,0.0005574,0.0004506,0.0003953,0.0003234,0.000272,0.0002366,0.000214,0.0001705,0.0001433,0.0001287,0.0001179,0.0001092,0.0001019,9.6e-05
36,0.0004744,0.0006715,0.0009317,0.0012628,0.0016591,0.0021081,0.0026077,0.0031334,0.0036649,0.0045124,0.0046698,0.0048607,0.0058944,0.0063886,0.006776,0.0070483,0.0072114,0.0072961,0.0072793,0.0067176,0.005373,0.004051,0.0031268,0.0025653,0.0021541,0.0018597,0.0015557,0.0012957,0.0011014,0.0009469,0.0008233,0.0007013,0.0005574,0.0004506,0.0003953,0.0003234,0.000272,0.0002366,0.000214,0.0001705,0.0001433,0.0001287,0.0001179,0.0001092,0.0001019,9.6e-05
37,0.0004744,0.0006715,0.0009317,0.0012628,0.0016591,0.0021081,0.0026077,0.0031334,0.0036649,0.0045124,0.0046698,0.0048607,0.0058944,0.0063886,0.006776,0.0070483,0.0072114,0.0072961,0.0072793,0.0067176,0.005373,0.004051,0.0031268,0.0025653,0.0021541,0.0018597,0.0015557,0.0012957,0.0011014,0.0009469,0.0008233,0.0007013,0.0005574,0.0004506,0.0003953,0.0003234,0.000272,0.0002366,0.000214,0.0001705,0.0001433,0.0001287,0.0001179,0.0001092,0.0001019,9.6e-05
38,0.0004744,0.0006715,0.0009317,0.0012628,0.0016591,0.0021081,0.0026077,0.0031334,0.0036649,0.0045124,0.0046698,0.0048607,0.0058944,0.0063886,0.006776,0.0070483,0.0072114,0.0072961,0.0072793,0.0067176,0.005373,0.004051,0.0031268,0.0025653,0.0021541,0.0018597,0.0015557,0.0012957,0.0011014,0.0009469,0.0008233,0.0007013,0.0005574,0.0004506,0.0003953,0.0003234,0.000272,0.0002366,0.000214,0.0001705,0.0001433,0.0001287,0.0001179,0.0001092,0.0001019,9.6e-05
39,0.0004744,0.0006715,0.0009317,0.0012628,0.0016591,0.0021081,0.0026077,0.0031334,0.0036649,0.0045124,0.0046698,0.0048607,0.0058944,0.0063886,0.006776,0.0070483,0.0072114,0.0072961,0.0072793,0.0067176,0.005373,0.004051,0.0031268,0.0025653,0.0021541,0.0018597,0.0015557,0.0012957,0.0011014,0.0009469,0.0008233,0.0007013,0.0005574,0.0004506,0.0003953,0.0003234,0.000272,0.0002366,0.000214,0.0001705,0.0001433,0.0001287,0.0001179,0.0001092,0.0001019,9.6e-05
40,0.000423,0.0006026,0.0008422,0.0011541,0.0015383,0.0019852,0.0024961,0.0030375,0.0035756,0.0043988,0.0045557,0.0047438,0.0057163,0.0062565,0.0067275,0.0071264,0.0074449,0.0077062,0.0078852,0.0074171,0.0060376,0.0045381,0.0035672,0.0029737,0.0025357,0.0022287,0.0019932,0.0017141,0.0015058,0.0013366,0.0012063,0.0010536,0.0008731,0.0007347,0.0006691,0.0005689,0.0004874,0.0004258,0.0003778,0.0003004,0.0002474,0.0002131,0.0001861,0.0001638,0.0001459,0.0001316
41,0.000423,0.0006026,0.0008422,0.0011541,0.0015383,0.0019852,0.0024961,0.0030375,0.0035756,0.0043988,0.0045557,0.0047438,0.0057163,0.0062565,0.0067275,0.0071264,0.0074449,0.0077062,0.0078852,0.0074171,0.0060376,0.0045381,0.0035672,0.0029737,0.0025357,0.0022287,0.0019932,0.0017141,0.0015058,0.0013366,0.0012063,0.0010536,0.0008731,0.0007347,0.0006691,0.0005689,0.0004874,0.0004258,0.0003778,0.0003004,0.0002474,0.0002131,0.0001861,0.0001638,0.0001459,0.0001316
42,0.000423,0.0006026,0.0008422,0.0011541,0.0015383,0.0019852,0.0024961,0.0030375,0.0035756,0.0043988,0.0045557,0.0047438,0.0057163,0.0062565,0.0067275,0.0071264,0.0074449,0.0077062,0.0078852,0.0074171,0.0060376,0.0045381,0.0035672,0.0029737,0.0025357,0.0022287,0.0019932,0.0017141,0.0015058,0.0013366,0.0012063,0.0010536,0.0008731,0.0007347,0.0006691,0.0005689,0.0004874,0.0004258,0.0003778,0.0003004,0.0002474,0.0002131,0.0001861,0.0001638,0.0001459,0.0001316
43,0.000423,0.0006026,0.0008422,0.0011541,0.0015383,0.0019852,0.0024961,0.0030375,0.0035756,0.0043988,0.0045557,0.0047438,0.0057163,0.0062565,0.0067275,0.0071264,0.0074449,0.0077062,0.0078852,0.0074171,0.0060376,0.0045381,0.0035672,0.0029737,0.0025357,0.0022287,0.0019932,0.0017141,0.0015058,0.0013366,0.0012063,0.0010536,0.0008731,0.0007347,0.0006691,0.0005689,0.0004874,0.0004258,0.0003778,0.0003004,0.0002474,0.0002131,0.0001861,0.0001638,0.0001459,0.0001316
44,0.000423,0.0006026,0.0008422,0.0011541,0.0015383,0.0019852,0.0024961,0.0030375,0.0035756,0.0043988,0.0045557,0.0047438,0.0057163,0.0062565,0.0067275,0.0071264,0.0074449,0.0077062,0.0078852,0.0074171,0.0060376,0.0045381,0.0035672,0.0029737,0.0025357,0.0022287,0.0019932,0.0017141,0.0015058,0.0013366,0.0012063,0.0010536,0.0008731,0.0007347,0.0006691,0.0005689,0.0004874,0.0004258,0.0003778,0.0003004,0.0002474,0.0002131,0.0001861,0.0001638,0.0001459,0.0001316
45,0.0004343,0.0006174,0.0008623,0.001181,0.0015742,0.0020329,0.0025542,0.0031067,0.0036671,0.004652,0.0047131,0.0049146,0.006004,0.0066535,0.007113,0.0074802,0.0077664,0.0079934,0.008175,0.0077667,0.0064453,0.0049759,0.0040122,0.0034103,0.0029558,0.0026356,0.0023284,0.002023,0.0018013,0.0016222,0.0014874,0.0013815,0.0011771,0.0010296,0.0009801,0.0008686,0.0007597,0.0006892,0.0006318,0.0005196,0.0004416,0.0003851,0.0003352,0.0002899,0.0002494,0.0002143
46,0.0004343,0.0006174,0.0008623,0.001181,0.0015742,0.0020329,0.0025542,0.0031067,0.0036671,0.004652,0.0047131,0.0049146,0.006004,0.0066535,0.007113,0.0074802,0.0077664,0.0079934,0.008175,0.0077667,0.0064453,0.0049759,0.0040122,0.0034103,0.0029558,0.0026356,0.0023284,0.002023,0.0018013,0.0016222,0.0014874,0.0013815,0.0011771,0.0010296,0.0009801,0.0008686,0.0007597,0.0006892,0.0006318,0.0005196,0.0004416,0.0003851,0.0003352,0.0002899,0.0002494,0.0002143
47,0.0004343,0.0006174,0.0008623,0.001181,0.0015742,0.0020329,0.0025542,0.0031067,0.0036671,0.004652,0.0047131,0.0049146,0.006004,0.0066535,0.007113,0.0074802,0.0077664,0.0079934,0.008175,0.0077667,0.0064453,0.0049759,0.0040122,0.0034103,0.0029558,0.0026356,0.0023284,0.002023,0.0018013,0.0016222,0.0014874,0.0013815,0.0011771,0.0010296,0.0009801,0.0008686,0.0007597,0.0006892,0.0006318,0.0005196,0.0004416,0.0003851,0.0003352,0.0002899,0.0002494,0.0002143
48,0.0004343,0.0006174,0.0008623,0.001181,0.0015742,0.0020329,0.0025542,0.0031067,0.0036671,0.004652,0.0047131,0.0049146,0.006004,0.0066535,0.007113,0.0074802,0.0077664,0.0079934,0.008175,0.0077667,0.0064453,0.0049759,0.0040122,0.0034103,0.0029558,0.0026356,0.0023284,0.002023,0.0018013,0.0016222,0.0014874,0.0013815,0.0011771,0.0010296,0.0009801,0.0008686,0.0007597,0.0006892,0.0006318,0.0005196,0.0004416,0.0003851,0.0003352,0.0002899,0.0002494,0.0002143
49,0.0004343,0.0006174,0.0008623,0.001181,0.0015742,0.0020329,0.0025542,0.0031067,0.0036671,0.004652,0.0047131,0.0049146,0.006004,0.0066535,0.007113,0.0074802,0.0077664,0.0079934,0.008175,0.0077667,0.0064453,0.0049759,0.0040122,0.0034103,0.0029558,0.0026356,0.0023284,0.002023,0.0018013,0.0016222,0.0014874,0.0013815,0.0011771,0.0010296,0.0009801,0.0008686,0.0007597,0.0006892,0.0006318,0.0005196,0.0004416,0.0003851,0.0003352,0.0002899,0.0002494,0.0002143
50,0.0003511,0.0004979,0.0006928,0.0009449,0.001255,0.001617,0.0020291,0.0024647,0.0029047,0.0036025,0.0037805,0.003942,0.0047842,0.0053178,0.0056815,0.0059729,0.0062099,0.0063593,0.0064269,0.0060409,0.0049458,0.0037795,0.0030405,0.0025987,0.002283,0.0020778,0.0018799,0.0016757,0.0015314,0.0014178,0.0013408,0.0012592,0.0011133,0.0010143,0.0010069,0.0009365,0.0008956,0.0008592,0.0008315,0.000733,0.0006669,0.0006042,0.0005517,0.0004985,0.000446,0.0003946
51,0.0003511,0.0004979,0.0006928,0.0009449,0.001255,0.001617,0.0020291,0.0024647,0.0029047,0.0036025,0.0037805,0.003942,0.0047842,0.0053178,0.0056815,0.0059729,0.0062099,0.0063593,0.0064269,0.0060409,0.0049458,0.0037795,0.0030405,0.0025987,0.002283,0.0020778,0.0018799,0.0016757,0.0015314,0.0014178,0.0013408,0.0012592,0.0011133,0.0010143,0.0010069,0.0009365,0.0008956,0.0008592,0.0008315,0.000733,0.0006669,0.0006042,0.0005517,0.0004985,0.000446,0.0003946
52,0.0003511,0.0004979,0.0006928,0.0009449,0.001255,0.001617,0.0020291,0.0024647,0.0029047,0.0036025,0.0037805,0.003942,0.0047842,0.0053178,0.0056815,0.0059729,0.0062099,0.0063593,0.0064269,0.0060409,0.0049458,0.0037795,0.0030405,0.0025987,0.002283,0.0020778,0.0018799,0.0016757,0.0015314,0.0014178,0.0013408,0.0012592,0.0011133,0.0010143,0.0010069,0.0009365,0.0008956,0.0008592,0.0008315,0.000733,0.0006669,0.0006042,0.0005517,0.0004985,0.000446,0.0003946
53,0.0003511,0.0004979,0.0006928,0.0009449,0.001255,0.001617,0.0020291,0.0024647,0.0029047,0.0036025,0.0037805,0.003942,0.0047842,0.0053178,0.0056815,0.0059729,0.0062099,0.0063593,0.0064269,0.0060409,0.0049458,0.0037795,0.0030405,0.0025987,0.002283,0.0020778,0.0018799,0.0016757,0.0015314,0.0014178,0.0013408,0.0012592,0.0011133,0.0010143,0.0010069,0.0009365,0.0008956,0.0008592,0.0008315,0.000733,0.0006669,0.0006042,0.0005517,0.0004985,0.000446,0.0003946
54,0.0003511,0.0004979,0.0006928,0.0009449,0.001255,0.001617,0.0020291,0.0024647,0.0029047,0.0036025,0.0037805,0.003942,0.0047842,0.0053178,0.0056815,0.0059729,0.0062099,0.0063593,0.0064269,0.0060409,0.0049458,0.0037795,0.0030405,0.0025987,0.002283,0.0020778,0.0018799,0.0016757,0.0015314,0.0014178,0.0013408,0.0012592,0.0011133,0.0010143,0.0010069,0.0009365,0.0008956,0.0008592,0.0008315,0.000733,0.0006669,0.0006042,0.0005517,0.0004985,0.000446,0.0003946
55,0.0002775,0.0003867,0.0005304,0.0007146,0.0009423,0.0012097,0.0015139,0.0018297,0.0021445,0.0026325,0.0027272,0.0028277,0.0034369,0.0037365,0.0039981,0.0042201,0.0044018,0.0045075,0.0045406,0.0043095,0.0035591,0.0027442,0.0022195,0.0018937,0.0016491,0.0014863,0.0013355,0.0011934,0.0011005,0.0010374,0.001007,0.0009793,0.0008987,0.0008502,0.0008753,0.0008486,0.0008224,0.0008221,0.0008312,0.0007721,0.0007384,0.0007329,0.0007061,0.0006733,0.0006355,0.0005945
56,0.0002775,0.0003867,0.0005304,0.0007146,0.0009423,0.0012097,0.0015139,0.0018297,0.0021445,0.0026325,0.0027272,0.0028277,0.0034369,0.0037365,0.0039981,0.0042201,0.0044018,0.0045075,0.0045406,0.0043095,0.0035591,0.0027442,0.0022195,0.0018937,0.0016491,0.0014863,0.0013355,0.0011934,0.0011005,0.0010374,0.001007,0.0009793,0.0008987,0.0008502,0.0008753,0.0008486,0.0008224,0.0008221,0.0008312,0.0007721,0.0007384,0.0007329,0.0007061,0.0006733,0.0006355,0.0005945
57,0.0002775,0.0003867,0.0005304,0.0007146,0.0009423,0.0012097,0.0015139,0.0018297,0.0021445,0.0026325,0.0027272,0.0028277,0.0034369,0.0037365,0.0039981,0.0042201,0.0044018,0.0045075,0.0045406,0.0043095,0.0035591,0.0027442,0.0022195,0.0018937,0.0016491,0.0014863,0.0013355,0.0011934,0.0011005,0.0010374,0.001007,0.0009793,0.0008987,0.0008502,0.0008753,0.0008486,0.0008224,0.0008221,0.0008312,0.0007721,0.0007384,0.0007329,0.0007061,0.0006733,0.0006355,0.0005945
58,0.0002775,0.0003867,0.0005304,0.0007146,0.0009423,0.0012097,0.0015139,0.0018297,0.0021445,0.0026325,0.0027272,0.0028277,0.0034369,0.0037365,0.0039981,0.0042201,0.0044018,0.0045075,0.0045406,0.0043095,0.0035591,0.0027442,0.0022195,0.0018937,0.0016491,0.0014863,0.0013355,0.0011934,0.0011005,0.0010374,0.001007,0.0009793,0.0008987,0.0008502,0.0008753,0.0008486,0.0008224,0.0008221,0.0008312,0.0007721,0.0007384,0.0007329,0.0007061,0.0006733,0.0006355,0.0005945
59,0.0002775,0.0003867,0.0005304,0.0007146,0.0009423,0.0012097,0.0015139,0.0018297,0.0021445,0.0026325,0.0027272,0.0028277,0.0034369,0.0037365,0.0039981,0.0042201,0.0044018,0.0045075,0.0045406,0.0043095,0.0035591,0.0027442,0.0022195,0.0018937,0.0016491,0.0014863,0.0013355,0.0011934,0.0011005,0.0010374,0.001007,0.0009793,0.0008987,0.0008502,0.0008753,0.0008486,0.0008224,0.0008221,0.0008312,0.0007721,0.0007384,0.0007329,0.0007061,0.0006733,0.0006355,0.0005945
60,0.000218,0.0003091,0.0004285,0.0005779,0.0007545,0.0009539,0.0011738,0.0014002,0.0016245,0.001956,0.0020233,0.0020918,0.002533,0.0027137,0.0028769,0.0030045,0.0030936,0.0031558,0.0031876,0.0029891,0.0024605,0.001897,0.001538,0.0013212,0.0011623,0.0010576,0.0009597,0.0008672,0.0008014,0.0007523,0.0007262,0.0007047,0.0006494,0.0006218,0.0006538,0.0006525,0.0006533,0.0006771,0.0007097,0.0006855,0.0006819,0.0006854,0.0006863,0.0006819,0.0006722,0.000657
61,0.000218,0.0003091,0.0004285,0.0005779,0.0007545,0.0009539,0.0011738,0.0014002,0.0016245,0.001956,0.0020233,0.0020918,0.002533,0.0027137,0.0028769,0.0030045,0.0030936,0.0031558,0.0031876,0.0029891,0.0024605,0.001897,0.001538,0.0013212,0.0011623,0.0010576,0.0009597,0.0008672,0.0008014,0.0007523,0.0007262,0.0007047,0.0006494,0.0006218,0.0006538,0.0006525,0.0006533,0.0006771,0.0007097,0.0006855,0.0006819,0.0006854,0.0006863,0.0006819,0.0006722,0.000657
62,0.000218,0.0003091,0.0004285,0.0005779,0.0007545,0.0009539,0.0011738,0.0014002,0.0016245,0.001956,0.0020233,0.0020918,0.002533,0.0027137,0.0028769,0.0030045,0.0030936,0.0031558,0.0031876,0.0029891,0.0024605,0.001897,0.001538,0.0013212,0.0011623,0.0010576,0.0009597,0.0008672,0.0008014,0.0007523,0.0007262,0.0007047,0.0006494,0.0006218,0.0006538,0.0006525,0.0006533,0.0006771,0.0007097,0.0006855,0.0006819,0.0006854,0.0006863,0.0006819,0.0006722,0.000657
63,0.000218,0.0003091,0.0004285,0.0005779,0.0007545,0.0009539,0.0011738,0.0014002,0.0016245,0.001956,0.0020233,0.0020918,0.002533,0.0027137,0.0028769,0.0030045,0.0030936,0.0031558,0.0031876,0.0029891,0.0024605,0.001897,0.001538,0.0013212,0.0011623,0.0010576,0.0009597,0.0008672,0.0008014,0.0007523,0.0007262,0.0007047,0.0006494,0.0006218,0.0006538,0.0006525,0.0006533,0.0006771,0.0007097,0.0006855,0.0006819,0.0006854,0.0006863,0.0006819,0.0006722,0.000657
64,0.000218,0.0003091,0.0004285,0.0005779,0.0007545,0.0009539,0.0011738,0.0014002,0.0016245,0.001956,0.0020233,0.0020918,0.002533,0.0027137,0.0028769,0.0030045,0.0030936,0.0031558,0.0031876,0.0029891,0.0024605,0.001897,0.001538,0.0013212,0.0011623,0.0010576,0.0009597,0.0008672,0.0008014,0.0007523,0.0007262,0.0007047,0.0006494,0.0006218,0.0006538,0.0006525,0.0006533,0.0006771,0.0007097,0.0006855,0.0006819,0.0006854,0.0006863,0.0006819,0.0006722,0.000657
65,0.0001653,0.0002334,0.0003235,0.0004395,0.0005827,0.0007499,0.000939,0.0011322,0.0013148,0.0015508,0.0016137,0.0016487,0.0019385,0.0020489,0.0021636,0.0022567,0.0023237,0.0023759,0.0024125,0.0022544,0.0018371,0.0013955,0.0011129,0.0009419,0.00082,0.0007435,0.0006736,0.000612,0.0005684,0.0005385,0.0005248,0.0005144,0.0004774,0.0004577,0.000479,0.0004749,0.0004732,0.0004928,0.0005228,0.000516,0.0005281,0.0005488,0.0005685,0.000585,0.0005976,0.000606
66,0.0001653,0.0002334,0.0003235,0.0004395,0.0005827,0.0007499,0.000939,0.0011322,0.0013148,0.0015508,0.0016137,0.0016487,0.0019385,0.0020489,0.0021636,0.0022567,0.0023237,0.0023759,0.0024125,0.0022544,0.0018371,0.0013955,0.0011129,0.0009419,0.00082,0.0007435,0.0006736,0.000612,0.0005684,0.0005385,0.0005248,0.0005144,0.0004774,0.0004577,0.000479,0.0004749,0.0004732,0.0004928,0.0005228,0.000516,0.0005281,0.0005488,0.0005685,0.000585,0.0005976,0.000606
67,0.0001653,0.0002334,0.0003235,0.0004395,0.0005827,0.0007499,0.000939,0.0011322,0.0013148,0.0015508,0.0016137,0.0016487,0.0019385,0.0020489,0.0021636,0.0022567,0.0023237,0.0023759,0.0024125,0.0022544,0.0018371,0.0013955,0.0011129,0.0009419,0.00082,0.0007435,0.0006736,0.000612,0.0005684,0.0005385,0.0005248,0.0005144,0.0004774,0.0004577,0.000479,0.0004749,0.0004732,0.0004928,0.0005228,0.000516,0.0005281,0.0005488,0.0005685,0.000585,0.0005976,0.000606
68,0.0001653,0.0002334,0.0003235,0.0004395,0.0005827,0.0007499,0.000939,0.0011322,0.0013148,0.0015508,0.0016137,0.0016487,0.0019385,0.0020489,0.0021636,0.0022567,0.0023237,0.0023759,0.0024125,0.0022544,0.0018371,0.0013955,0.0011129,0.0009419,0.00082,0.0007435,0.0006736,0.000612,0.0005684,0.0005385,0.0005248,0.0005144,0.0004774,0.0004577,0.000479,0.0004749,0.0004732,0.0004928,0.0005228,0.000516,0.0005281,0.0005488,0.0005685,0.000585,0.0005976,0.000606
69,0.0001653,0.0002334,0.0003235,0.0004395,0.0005827,0.0007499,0.000939,0.0011322,0.0013148,0.0015508,0.0016137,0.0016487,0.0019385,0.0020489,0.0021636,0.0022567,0.0023237,0.0023759,0.0024125,0.0022544,0.0018371,0.0013955,0.0011129,0.0009419,0.00082,0.0007435,0.0006736,0.000612,0.0005684,0.0005385,0.0005248,0.0005144,0.0004774,0.0004577,0.000479,0.0004749,0.0004732,0.0004928,0.0005228,0.000516,0.0005281,0.0005488,0.0005685,0.000585,0.0005976,0.000606
70,0.000122,0.000175,0.0002453,0.0003353,0.0004446,0.0005705,0.0007106,0.000856,0.001001,0.0012076,0.0012675,0.0013222,0.0015744,0.0016601,0.0017313,0.0017701,0.0017856,0.0018016,0.0018162,0.0016893,0.0013766,0.0010489,0.0008401,0.0007132,0.0006197,0.0005573,0.0004981,0.0004477,0.0004099,0.0003842,0.0003727,0.0003646,0.0003382,0.0003255,0.0003435,0.0003435,0.0003452,0.0003624,0.0003849,0.0003779,0.0003843,0.0003981,0.000414,0.0004313,0.0004501,0.0004694
71,0.000122,0.000175,0.0002453,0.0003353,0.0004446,0.0005705,0.0007106,0.000856,0.001001,0.0012076,0.0012675,0.0013222,0.0015744,0.0016601,0.0017313,0.0017701,0.0017856,0.0018016,0.0018162,0.0016893,0.0013766,0.0010489,0.0008401,0.0007132,0.0006197,0.0005573,0.0004981,0.0004477,0.0004099,0.0003842,0.0003727,0.0003646,0.0003382,0.0003255,0.0003435,0.0003435,0.0003452,0.0003624,0.0003849,0.0003779,0.0003843,0.0003981,0.000414,0.0004313,0.0004501,0.0004694
72,0.000122,0.000175,0.0002453,0.0003353,0.0004446,0.0005705,0.0007106,0.000856,0.001001,0.0012076,0.0012675,0.0013222,0.0015744,0.0016601,0.0017313,0.0017701,0.0017856,0.0018016,0.0018162,0.0016893,0.0013766,0.0010489,0.0008401,0.0007132,0.0006197,0.0005573,0.0004981,0.0004477,0.0004099,0.0003842,0.0003727,0.0003646,0.0003382,0.0003255,0.0003435,0.0003435,0.0003452,0.0003624,0.0003849,0.0003779,0.0003843,0.0003981,0.000414,0.0004313,0.0004501,0.0004694
73,0.000122,0.000175,0.0002453,0.0003353,0.0004446,0.0005705,0.0007106,0.000856,0.001001,0.0012076,0.0012675,0.0013222,0.0015744,0.0016601,0.0017313,0.0017701,0.0017856,0.0018016,0.0018162,0.0016893,0.0013766,0.0010489,0.0008401,0.0007132,0.0006197,0.0005573,0.0004981,0.0004477,0.0004099,0.0003842,0.0003727,0.0003646,0.0003382,0.0003255,0.0003435,0.0003435,0.0003452,0.0003624,0.0003849,0.0003779,0.0003843,0.0003981,0.000414,0.0004313,0.0004501,0.0004694
74,0.000122,0.000175,0.0002453,0.0003353,0.0004446,0.0005705,0.0007106,0.000856,0.001001,0.0012076,0.0012675,0.0013222,0.0015744,0.0016601,0.0017313,0.0017701,0.0017856,0.0018016,0.0018162,0.0016893,0.0013766,0.0010489,0.0008401,0.0007132,0.0006197,0.0005573,0.0004981,0.0004477,0.0004099,0.0003842,0.0003727,0.0003646,0.0003382,0.0003255,0.0003435,0.0003435,0.0003452,0.0003624,0.0003849,0.0003779,0.0003843,0.0003981,0.000414,0.0004313,0.0004501,0.0004694
75,9.4e-05,0.0001309,0.0001799,0.0002442,0.0003257,0.0004237,0.0005356,0.000652,0.0007656,0.0009125,0.0009744,0.0010104,0.0011973,0.0011949,0.0012515,0.0013043,0.0013527,0.0014053,0.001443,0.0013416,0.00108,0.0008094,0.0006386,0.000536,0.0004629,0.0004159,0.0003722,0.0003386,0.0003113,0.0002915,0.0002807,0.0002711,0.0002476,0.0002347,0.0002449,0.0002437,0.0002441,0.0002566,0.0002736,0.0002707,0.0002778,0.0002906,0.0003044,0.0003175,0.0003297,0.0003416
76,9.4e-05,0.0001309,0.0001799,0.0002442,0.0003257,0.0004237,0.0005356,0.000652,0.0007656,0.0009125,0.0009744,0.0010104,0.0011973,0.0011949,0.0012515,0.0013043,0.0013527,0.0014053,0.001443,0.0013416,0.00108,0.0008094,0.0006386,0.000536,0.0004629,0.0004159,0.0003722,0.0003386,0.0003113,0.0002915,0.0002807,0.0002711,0.0002476,0.0002347,0.0002449,0.0002437,0.0002441,0.0002566,0.0002736,0.0002707,0.0002778,0.0002906,0.0003044,0.0003175,0.0003297,0.0003416
77,9.4e-05,0.0001309,0.0001799,0.0002442,0.0003257,0.0004237,0.0005356,0.000652,0.0007656,0.0009125,0.0009744,0.0010104,0.0011973,0.0011949,0.0012515,0.0013043,0.0013527,0.0014053,0.001443,0.0013416,0.00108,0.0008094,0.0006386,0.000536,0.0004629,0.0004159,0.0003722,0.0003386,0.0003113,0.0002915,0.0002807,0.0002711,0.0002476,0.0002347,0.0002449,0.0002437,0.0002441,0.0002566,0.0002736,0.0002707,0.0002778,0.0002906,0.0003044,0.0003175,0.0003297,0.0003416
78,9.4e-05,0.0001309,0.0001799,0.0002442,0.0003257,0.0004237,0.0005356,0.000652,0.0007656,0.0009125,0.0009744,0.0010104,0.0011973,0.0011949,0.0012515,0.0013043,0.0013527,0.0014053,0.001443,0.0013416,0.00108,0.0008094,0.0006386,0.000536,0.0004629,0.0004159,0.0003722,0.0003386,0.0003113,0.0002915,0.0002807,0.0002711,0.0002476,0.0002347,0.0002449,0.0002437,0.0002441,0.0002566,0.0002736,0.0002707,0.0002778,0.0002906,0.0003044,0.0003175,0.0003297,0.0003416
79,9.4e-05,0.0001309,0.0001799,0.0002442,0.0003257,0.0004237,0.0005356,0.000652,0.0007656,0.0009125,0.0009744,0.0010104,0.0011973,0.0011949,0.0012515,0.0013043,0.0013527,0.0014053,0.001443,0.0013416,0.00108,0.0008094,0.0006386,0.000536,0.0004629,0.0004159,0.0003722,0.0003386,0.0003113,0.0002915,0.0002807,0.0002711,0.0002476,0.0002347,0.0002449,0.0002437,0.0002441,0.0002566,0.0002736,0.0002707,0.0002778,0.0002906,0.0003044,0.0003175,0.0003297,0.0003416
80,3.62e-05,5.31e-05,7.67e-05,0.0001083,0.0001469,0.0001909,0.0002396,0.0002931,0.0003495,0.0004363,0.000459,0.0004988,0.0006108,0.0006017,0.0006593,0.0006958,0.0007105,0.0007448,0.0007883,0.000725,0.0005863,0.0004455,0.000357,0.0003028,0.0002617,0.0002334,0.000206,0.0001928,0.0001757,0.0001639,0.000158,0.0001536,0.0001421,0.0001364,0.0001434,0.0001432,0.0001422,0.0001491,0.0001577,0.0001557,0.00016,0.0001679,0.0001769,0.0001866,0.0001973,0.0002087
