year,metric,med,pi95_low,pi95_high
1960.5,asr_cancer_incidence,0.0,0.0,0.0
1961.5,asr_cancer_incidence,0.0,0.0,0.0
1962.5,asr_cancer_incidence,0.0,0.0,0.0
1963.5,asr_cancer_incidence,0.0,0.0,0.23069988051627227
1964.5,asr_cancer_incidence,0.0,0.0,0.34075550805946175
1965.5,asr_cancer_incidence,0.23791932114693465,0.0,0.8829096137812965
1966.5,asr_cancer_incidence,0.6536468441604215,0.0537549696470562,2.3451925619774534
1967.5,asr_cancer_incidence,1.4362492236608673,0.5285161778219828,2.8265419665427793
1968.5,asr_cancer_incidence,2.3904557894354324,1.0313852283791003,4.532334915521043
1969.5,asr_cancer_incidence,3.826114522515253,2.2161506050946373,5.920340065233483
1970.5,asr_cancer_incidence,5.716228992070144,3.6346829058914616,8.098439964405234
1971.5,asr_cancer_incidence,7.406788602263553,4.365343643790536,10.57586815406901
1972.5,asr_cancer_incidence,9.64039522476471,6.47653025086449,14.353795461765012
1973.5,asr_cancer_incidence,12.437568410211412,8.699661389923515,15.816184221013183
1974.5,asr_cancer_incidence,14.635310564869592,10.204741445248253,17.998332820576444
1975.5,asr_cancer_incidence,15.904446789931995,11.702260956327711,23.522578552265948
1976.5,asr_cancer_incidence,19.908563544160693,12.507329505848526,26.122777396878146
1977.5,asr_cancer_incidence,21.966296068867827,16.441241946342902,26.81623487818001
1978.5,asr_cancer_incidence,23.518985180326407,17.533263066184748,27.65476858450828
1979.5,asr_cancer_incidence,24.49673703984532,19.801067224570215,34.45000540761955
1980.5,asr_cancer_incidence,26.10855564448098,19.40041368525711,37.55795104285257
1981.5,asr_cancer_incidence,28.590711435391256,21.525500659850092,34.5812558575871
1982.5,asr_cancer_incidence,28.85680626573404,22.75458351762069,36.67584003715219
1983.5,asr_cancer_incidence,29.720878112814844,22.483363983417465,38.00059669512486
1984.5,asr_cancer_incidence,29.982853026203458,22.75085311747803,34.862610024663944
1985.5,asr_cancer_incidence,30.80376264428356,22.687263570716013,39.99557685606625
1986.5,asr_cancer_incidence,31.246410673947004,23.759405637087717,40.15745759579698
1987.5,asr_cancer_incidence,30.503278308396887,24.256261239707182,39.52973077214269
1988.5,asr_cancer_incidence,31.609212658028376,23.661444793038207,39.396003407513696
1989.5,asr_cancer_incidence,32.28171585714072,22.988702054811622,38.253082474575066
1990.5,asr_cancer_incidence,31.702020416619888,23.927351467380127,40.314922494757695
1991.5,asr_cancer_incidence,32.64711197315023,22.23232253998624,40.70409676927245
1992.5,asr_cancer_incidence,31.728985162327575,22.203873782460406,40.46287733301407
1993.5,asr_cancer_incidence,31.37846577128186,24.246545183650255,38.16851338679873
1994.5,asr_cancer_incidence,27.86345520860616,20.18174648268497,35.32096520302571
1995.5,asr_cancer_incidence,39.77767957147644,30.141489483559152,51.68711077549852
1996.5,asr_cancer_incidence,41.55910949439024,30.52866328466884,52.23084900661817
1997.5,asr_cancer_incidence,33.37038279453806,23.409543091890523,40.29934842083779
1998.5,asr_cancer_incidence,29.63626075407051,20.4732058202326,34.977301873020544
1999.5,asr_cancer_incidence,24.661603190900447,16.77148558838844,33.475877431875766
2000.5,asr_cancer_incidence,23.17248107718821,15.34589688325638,29.463951243988014
2001.5,asr_cancer_incidence,21.160021810801652,14.994230369246422,25.645789493540033
2002.5,asr_cancer_incidence,19.673668895679633,13.942473439494728,25.89505877264476
2003.5,asr_cancer_incidence,19.138155782804287,12.909960808987147,24.8330288306937
2004.5,asr_cancer_incidence,19.028865432685034,13.58995454003442,23.82163567359169
2005.5,asr_cancer_incidence,19.782498814393875,14.707847314621814,24.96156676492052
2006.5,asr_cancer_incidence,19.28064894522184,14.341409325370423,23.97939027693891
2007.5,asr_cancer_incidence,19.800829003145832,15.495485195307806,25.38538954545576
2008.5,asr_cancer_incidence,19.5315940828673,14.434726709368888,25.10749587433362
2009.5,asr_cancer_incidence,19.831126286323062,15.014564080478197,26.442663746384323
2010.5,asr_cancer_incidence,21.499256551444468,15.515348691093354,24.58978375947019
2011.5,asr_cancer_incidence,21.41519994708786,17.410178180624268,26.26525099368168
2012.5,asr_cancer_incidence,22.17538486164228,16.860998029431677,26.667539255575374
2013.5,asr_cancer_incidence,22.514260332445076,17.39468076282721,28.943779282829343
2014.5,asr_cancer_incidence,22.864279021660046,18.708810395115872,27.4560769754353
2015.5,asr_cancer_incidence,24.175830516520485,18.13820142043464,28.943644715932052
2016.5,asr_cancer_incidence,24.35019507928368,20.33339118315162,29.738880159894425
2017.5,asr_cancer_incidence,24.671585742326286,19.81460390366249,29.462667877134155
2018.5,asr_cancer_incidence,26.03859325522586,19.545001324439845,33.137400135558934
2019.5,asr_cancer_incidence,26.55377609896184,20.83740890246791,30.99792603286315
2020.5,asr_cancer_incidence,28.361877761785312,22.972136817145376,33.33181250571918
2021.5,asr_cancer_incidence,27.924613613059755,22.007441472278792,32.75864748890065
2022.5,asr_cancer_incidence,29.706640803597047,20.754343355499824,35.95136582672853
2023.5,asr_cancer_incidence,30.214416511062264,22.07713947462992,35.45112874429954
2024.5,asr_cancer_incidence,30.88264579468655,24.138261471796373,38.21178879789543
1960.5,cancer_incidence_with_hiv,0.0,0.0,0.0
1961.5,cancer_incidence_with_hiv,0.0,0.0,0.0
1962.5,cancer_incidence_with_hiv,0.0,0.0,0.0
1963.5,cancer_incidence_with_hiv,0.0,0.0,0.0
1964.5,cancer_incidence_with_hiv,0.0,0.0,0.0
1965.5,cancer_incidence_with_hiv,0.0,0.0,13.81707611083984
1966.5,cancer_incidence_with_hiv,0.0,0.0,15.458279728889464
1967.5,cancer_incidence_with_hiv,0.0,0.0,15.679567646980281
1968.5,cancer_incidence_with_hiv,0.0,0.0,32.83709087371826
1969.5,cancer_incidence_with_hiv,4.7682623863220215,0.0,28.178986525535578
1970.5,cancer_incidence_with_hiv,12.04499626159668,0.0,38.80699646472931
1971.5,cancer_incidence_with_hiv,15.105763912200928,0.0,41.913831114768975
1972.5,cancer_incidence_with_hiv,18.09596300125122,0.0,61.354786181449875
1973.5,cancer_incidence_with_hiv,24.537298679351807,0.0,67.57882611751556
1974.5,cancer_incidence_with_hiv,18.635897159576416,0.0,59.585726845264425
1975.5,cancer_incidence_with_hiv,26.972179889678955,0.0,90.43833689689635
1976.5,cancer_incidence_with_hiv,29.13144040107727,7.01340366601944,70.10900809764861
1977.5,cancer_incidence_with_hiv,32.706647872924805,0.0,71.75695176124573
1978.5,cancer_incidence_with_hiv,32.51360321044922,14.671717071533203,101.64707396030423
1979.5,cancer_incidence_with_hiv,28.919528484344482,7.023970139026642,76.58215142488478
1980.5,cancer_incidence_with_hiv,33.11196446418762,7.593187904357911,81.8408065199852
1981.5,cancer_incidence_with_hiv,34.759621143341064,7.46414749622345,65.83230127096176
1982.5,cancer_incidence_with_hiv,37.44643497467041,6.791987037658691,71.0001539826393
1983.5,cancer_incidence_with_hiv,33.79333233833313,11.213121700286866,58.28479359149932
1984.5,cancer_incidence_with_hiv,34.40595030784607,11.988289201259613,64.8437380194664
1985.5,cancer_incidence_with_hiv,33.3519229888916,5.988550364971161,73.42130293846127
1986.5,cancer_incidence_with_hiv,28.497506380081177,6.7023469567298894,57.30753197669983
1987.5,cancer_incidence_with_hiv,32.409711837768555,5.7506216168403625,52.81620813608169
1988.5,cancer_incidence_with_hiv,30.821950435638428,16.285144340991973,64.65253695249557
1989.5,cancer_incidence_with_hiv,29.325318694114685,8.6442391872406,60.85144433975219
1990.5,cancer_incidence_with_hiv,34.171813011169434,11.106541848182678,51.01861971616745
1991.5,cancer_incidence_with_hiv,28.900352239608765,9.48667178750038,51.65916849374771
1992.5,cancer_incidence_with_hiv,29.824657678604126,13.591198098659515,50.54230428934097
1993.5,cancer_incidence_with_hiv,32.079161643981934,11.672769939899444,54.31458504796028
1994.5,cancer_incidence_with_hiv,28.76261329650879,14.064706081151963,48.99535769224166
1995.5,cancer_incidence_with_hiv,40.425949811935425,19.874796187877656,67.18926465511322
1996.5,cancer_incidence_with_hiv,41.00382852554321,18.25712054371834,91.71597328186033
1997.5,cancer_incidence_with_hiv,40.30304038524628,17.643278312683105,89.57902596592899
1998.5,cancer_incidence_with_hiv,39.0414514541626,12.73162430524826,67.94822829961777
1999.5,cancer_incidence_with_hiv,33.97999143600464,10.25622684955597,69.50587368011473
2000.5,cancer_incidence_with_hiv,32.601813316345215,15.747735840082168,69.52981884479522
2001.5,cancer_incidence_with_hiv,31.78846824169159,8.004849922657014,60.577232527732846
2002.5,cancer_incidence_with_hiv,29.553916573524475,14.582299512624742,59.434403550624836
2003.5,cancer_incidence_with_hiv,30.481717109680176,11.03188835978508,56.966216635704036
2004.5,cancer_incidence_with_hiv,28.303860187530518,13.538185477256775,54.29702440500258
2005.5,cancer_incidence_with_hiv,28.403366804122925,13.417089563608169,58.539839696884144
2006.5,cancer_incidence_with_hiv,29.93858814239502,14.093886721134187,61.687314021587355
2007.5,cancer_incidence_with_hiv,32.78009533882141,13.650408190488815,82.64065105915066
2008.5,cancer_incidence_with_hiv,31.262730360031128,18.19818769097328,67.80553742051124
2009.5,cancer_incidence_with_hiv,37.379030585289,15.5747640311718,61.89822853803634
2010.5,cancer_incidence_with_hiv,41.18237566947937,23.937493592500687,77.00982496738433
2011.5,cancer_incidence_with_hiv,47.015350341796875,22.614142799377444,80.62650129795074
2012.5,cancer_incidence_with_hiv,48.76059937477112,32.52925535440445,109.99104886054991
2013.5,cancer_incidence_with_hiv,54.7933509349823,32.040011250972746,102.21248197555539
2014.5,cancer_incidence_with_hiv,63.44276666641235,38.834846031665805,110.0001765489578
2015.5,cancer_incidence_with_hiv,67.99796557426453,44.59429615736008,121.53317034244537
2016.5,cancer_incidence_with_hiv,73.87253141403198,42.993870091438296,139.35100414752958
2017.5,cancer_incidence_with_hiv,80.52536535263062,51.80618110895157,141.80603420734403
2018.5,cancer_incidence_with_hiv,101.78306865692139,62.92173783779144,162.83400716781614
2019.5,cancer_incidence_with_hiv,112.63668060302734,52.749209547042845,209.1018592357635
2020.5,cancer_incidence_with_hiv,120.9827880859375,84.46203589439392,240.51862716674805
2021.5,cancer_incidence_with_hiv,129.73356866836548,73.98009004592896,238.63885822296137
2022.5,cancer_incidence_with_hiv,151.79120349884033,81.86273155212402,251.96285943984984
2023.5,cancer_incidence_with_hiv,163.04822826385498,84.58146364688874,296.14191036224366
2024.5,cancer_incidence_with_hiv,166.84040641784668,87.08357758522034,279.70285081863403
1960.5,cancer_incidence_no_hiv,0.0,0.0,0.0
1961.5,cancer_incidence_no_hiv,0.0,0.0,0.0
1962.5,cancer_incidence_no_hiv,0.0,0.0,0.0
1963.5,cancer_incidence_no_hiv,0.0,0.0,0.18199569582939149
1964.5,cancer_incidence_no_hiv,0.0,0.0,0.18032514341175557
1965.5,cancer_incidence_no_hiv,0.17499399930238724,0.0,0.6566916331648824
1966.5,cancer_incidence_no_hiv,0.4262762814760208,0.0,1.4505663409829135
1967.5,cancer_incidence_no_hiv,0.8280220627784729,0.3687690131366253,1.940270362049341
1968.5,cancer_incidence_no_hiv,1.447595663368702,0.6424444198608399,2.5838285721838474
1969.5,cancer_incidence_no_hiv,2.41787701100111,1.2800386290997268,3.6955434165894983
1970.5,cancer_incidence_no_hiv,3.399646043777466,2.0300446301698685,4.75808019042015
1971.5,cancer_incidence_no_hiv,4.118160426616669,2.6464764907956124,5.973057593405247
1972.5,cancer_incidence_no_hiv,5.4020161628723145,3.7299124911427497,8.008079642057417
1973.5,cancer_incidence_no_hiv,6.569328039884567,4.884584356844425,8.345689705014228
1974.5,cancer_incidence_no_hiv,7.829268217086792,5.279944454133511,9.846251627802848
1975.5,cancer_incidence_no_hiv,8.273068368434906,6.178315006196499,12.241012060642243
1976.5,cancer_incidence_no_hiv,10.235681891441345,6.628369829058647,13.535005682706831
1977.5,cancer_incidence_no_hiv,11.025654315948486,8.289092242717743,13.383816736936568
1978.5,cancer_incidence_no_hiv,11.587363481521606,8.765958452224732,13.556095254421233
1979.5,cancer_incidence_no_hiv,11.887684106826782,9.718959456682205,16.41805595755577
1980.5,cancer_incidence_no_hiv,12.839051485061646,9.595843812823295,17.03061880469322
1981.5,cancer_incidence_no_hiv,13.397222995758057,10.546441480517387,16.544217443466184
1982.5,cancer_incidence_no_hiv,13.396934866905212,11.14886724948883,17.166249310970308
1983.5,cancer_incidence_no_hiv,13.736655116081238,9.975681722164154,17.53507357239723
1984.5,cancer_incidence_no_hiv,13.700904607772827,10.15151859819889,16.544308561086655
1985.5,cancer_incidence_no_hiv,13.911517262458801,10.2743629693985,18.698315370082856
1986.5,cancer_incidence_no_hiv,14.44463300704956,10.797692966461181,17.90640754699707
1987.5,cancer_incidence_no_hiv,13.961263656616211,10.816858237981796,18.22652516365051
1988.5,cancer_incidence_no_hiv,14.0986807346344,10.235084092617035,17.982669883966445
1989.5,cancer_incidence_no_hiv,14.406741738319397,9.658178448677063,17.20427428483963
1990.5,cancer_incidence_no_hiv,14.303251028060913,10.703710448741912,17.635693687200547
1991.5,cancer_incidence_no_hiv,14.314231991767883,9.890761160850525,18.499862557649614
1992.5,cancer_incidence_no_hiv,14.292974948883057,9.760086390376092,18.750710809230803
1993.5,cancer_incidence_no_hiv,13.96739912033081,10.947133606672287,17.127740967273713
1994.5,cancer_incidence_no_hiv,12.380576133728027,8.580754965543747,15.38134253025055
1995.5,cancer_incidence_no_hiv,15.943415641784668,11.929524952173233,20.618898034095764
1996.5,cancer_incidence_no_hiv,16.14108443260193,11.517597573995591,19.922451078891754
1997.5,cancer_incidence_no_hiv,12.941583156585693,8.97425537109375,15.773042923212051
1998.5,cancer_incidence_no_hiv,11.70253610610962,8.106918546557427,13.543605160713195
1999.5,cancer_incidence_no_hiv,10.318976998329163,6.824272337555885,13.81202602982521
2000.5,cancer_incidence_no_hiv,10.335236430168152,6.640386158227921,13.258880656957626
2001.5,cancer_incidence_no_hiv,9.756545782089233,6.866718190908432,11.841437631845475
2002.5,cancer_incidence_no_hiv,9.64799177646637,6.533333885669708,12.001806128025054
2003.5,cancer_incidence_no_hiv,9.546228170394897,6.430800016224384,12.793404442071914
2004.5,cancer_incidence_no_hiv,9.81743848323822,6.750759172439575,12.177428346872329
2005.5,cancer_incidence_no_hiv,10.271703481674194,7.432894125580788,13.034881991147994
2006.5,cancer_incidence_no_hiv,10.135376811027527,7.196970573067665,12.817747604846954
2007.5,cancer_incidence_no_hiv,10.536468505859375,7.824664685130119,13.672444868087767
2008.5,cancer_incidence_no_hiv,10.586866855621338,7.678364497423172,13.455256062746047
2009.5,cancer_incidence_no_hiv,10.868271350860596,7.914899775385857,14.050295156240463
2010.5,cancer_incidence_no_hiv,11.648960828781128,8.552879551053048,13.683172094821929
2011.5,cancer_incidence_no_hiv,11.719772577285767,9.396702817082405,14.399935007095337
2012.5,cancer_incidence_no_hiv,12.303210377693176,9.407344162464142,14.585411965847015
2013.5,cancer_incidence_no_hiv,12.39578402042389,9.706251555681229,16.158908385038373
2014.5,cancer_incidence_no_hiv,12.98014521598816,10.475474172830582,15.606138724088668
2015.5,cancer_incidence_no_hiv,13.684453129768372,9.926211959123611,16.998741847276687
2016.5,cancer_incidence_no_hiv,13.89768385887146,10.489510303735733,17.235753285884854
2017.5,cancer_incidence_no_hiv,14.46165680885315,10.684440678358078,17.424905478954315
2018.5,cancer_incidence_no_hiv,15.068750381469727,10.857368862628936,19.14459854364395
2019.5,cancer_incidence_no_hiv,15.701929330825806,11.802217489480972,18.99385584592819
2020.5,cancer_incidence_no_hiv,16.713778614997864,12.685417902469634,19.383891153335572
2021.5,cancer_incidence_no_hiv,16.88247311115265,12.266592210531234,20.6063264131546
2022.5,cancer_incidence_no_hiv,17.849105834960938,12.210079139471054,22.10981137752533
2023.5,cancer_incidence_no_hiv,18.24332284927368,12.606450086832046,22.053063201904298
2024.5,cancer_incidence_no_hiv,18.87495708465576,13.987389200925827,24.5759020447731
1960.5,art_coverage,0.0,0.0,0.0048466564402971
1961.5,art_coverage,0.0,0.0,0.008603003903915442
1962.5,art_coverage,9.125418833446322e-06,0.0,0.007649209061037331
1963.5,art_coverage,4.529660926568281e-05,0.0,0.011030232780351102
1964.5,art_coverage,6.555073097028455e-05,0.0,0.009682397489661196
1965.5,art_coverage,0.0016048388709259788,0.0,0.011029437835207136
1966.5,art_coverage,0.002497675762957631,0.0,0.013240671397866255
1967.5,art_coverage,0.0031616232673153505,0.0,0.014807167745114485
1968.5,art_coverage,0.0028045693043565164,2.73164311746002e-06,0.016950007931118234
1969.5,art_coverage,0.005036160931314856,6.40996313876679e-06,0.01732204092567329
1970.5,art_coverage,0.005221347271067616,6.981608078151423e-05,0.01858003151748018
1971.5,art_coverage,0.003930418742903206,6.576853791413161e-05,0.018773742198149056
1972.5,art_coverage,0.006337678349506744,5.4809111469769094e-05,0.01610381321266072
1973.5,art_coverage,0.005087074786799938,0.00011874313814962832,0.016264595347313174
1974.5,art_coverage,0.005903626664480856,6.602578486680221e-05,0.015323865925530089
1975.5,art_coverage,0.00590059588401825,0.00048395961322064435,0.019246095619166428
1976.5,art_coverage,0.00555350201517635,0.00035237094074101836,0.015229086329870639
1977.5,art_coverage,0.005912964183377271,5.572392861818964e-05,0.01716861854680837
1978.5,art_coverage,0.006841465316404824,0.0002489829419246434,0.01533424796699417
1979.5,art_coverage,0.00676328062137488,0.0011385125611921524,0.015585242989925327
1980.5,art_coverage,0.005921465764016864,0.0009551757655153026,0.021229346264165682
1981.5,art_coverage,0.007759635190055617,0.00026286988654444375,0.018301691310982453
1982.5,art_coverage,0.008422339818211824,0.0016827887975594783,0.01941902920831769
1983.5,art_coverage,0.008380583082840884,0.0029179535979514436,0.024902527223978725
1984.5,art_coverage,0.009050804149869456,0.0011598617386654655,0.02167522683048873
1985.5,art_coverage,0.009137372861308415,0.0026714366684208765,0.021567186986394413
1986.5,art_coverage,0.009938535324987216,0.003987762552807197,0.023483870509047516
1987.5,art_coverage,0.010392470719979206,0.00382539063828257,0.018650661948376033
1988.5,art_coverage,0.009957296306577176,0.004498603562262841,0.017203773277547164
1989.5,art_coverage,0.010913248401828966,0.002728672538853923,0.019963237772399584
1990.5,art_coverage,0.012307553824212596,0.005943426828461654,0.019218681729832827
1991.5,art_coverage,0.013074685097979422,0.007139954605015227,0.0218591767540595
1992.5,art_coverage,0.014708151197613508,0.0069247789433072755,0.02202600923313718
1993.5,art_coverage,0.016109289242032032,0.007807537566690427,0.02276555082467126
1994.5,art_coverage,0.015067887690491987,0.008324613749372524,0.022517779349316196
1995.5,art_coverage,0.013008927047413965,0.005672441104875155,0.021886527808710754
1996.5,art_coverage,0.01303801940207245,0.0040762873178216185,0.022969434177668217
1997.5,art_coverage,0.013551236012575341,0.0053665302132471235,0.021623589520949848
1998.5,art_coverage,0.013677286454795273,0.005844971111913941,0.023168451189452113
1999.5,art_coverage,0.013762102824088882,0.007132759261117001,0.019928316540600878
2000.5,art_coverage,0.01456841090270327,0.00864378122600968,0.02136561488255735
2001.5,art_coverage,0.014243319657028648,0.007710089385710886,0.02062535033021961
2002.5,art_coverage,0.014729234456259873,0.009564479161985212,0.024109102861642417
2003.5,art_coverage,0.015848851165774874,0.010613605551476364,0.02441498263031904
2004.5,art_coverage,0.037327633149450215,0.027576228757025704,0.046837146034479755
2005.5,art_coverage,0.0988562568208778,0.0864392885591845,0.1214506308907161
2006.5,art_coverage,0.1590649186172829,0.13679937697368216,0.18603073316287155
2007.5,art_coverage,0.21291607360753487,0.19002141275649717,0.2497731966654486
2008.5,art_coverage,0.2762451366546136,0.24628757935109796,0.31237970282567395
2009.5,art_coverage,0.3262286634797662,0.29718885253495675,0.3566780284878212
2010.5,art_coverage,0.3707648929286619,0.33838703452599295,0.4025566649474477
2011.5,art_coverage,0.4169780877471996,0.3877392124562578,0.4578163088689692
2012.5,art_coverage,0.4810752327383792,0.4472184710585329,0.5078619855580939
2013.5,art_coverage,0.5390025054384693,0.49935517696816484,0.573844530516999
2014.5,art_coverage,0.593754482818546,0.5654253391153172,0.6225628297276667
2015.5,art_coverage,0.6620493359567312,0.6376506332983002,0.68956589874226
2016.5,art_coverage,0.7223660162616254,0.6979565920952632,0.7449843362810248
2017.5,art_coverage,0.7531185574492951,0.7249498971674545,0.7722886753281759
2018.5,art_coverage,0.7808016844616412,0.7520361674745626,0.8040430896102909
2019.5,art_coverage,0.8061358876401128,0.7840301378181941,0.8243011681259481
2020.5,art_coverage,0.8351167361985321,0.8124803646820344,0.8547034591612575
2021.5,art_coverage,0.8519316716236613,0.8291100436608319,0.8663012167241585
2022.5,art_coverage,0.8689747009431106,0.8402901306275667,0.883126996673328
2023.5,art_coverage,0.8808531897830466,0.8701047837539778,0.8979012206451346
2024.5,art_coverage,0.8942224524665847,0.8823102164837876,0.9098975856617053
1960.5,female_hiv_prevalence,0.01428132511261735,0.010128827158321856,0.020730457988596556
1961.5,female_hiv_prevalence,0.017014133314797633,0.011190340076411882,0.02203459332977817
1962.5,female_hiv_prevalence,0.019554337669769002,0.01389209248338874,0.02453161193512506
1963.5,female_hiv_prevalence,0.02181050251526241,0.01647989252216455,0.028131404371033883
1964.5,female_hiv_prevalence,0.024146941823866397,0.017486223193279415,0.03028006376061886
1965.5,female_hiv_prevalence,0.02535050121655707,0.01796465140596159,0.03193956059871221
1966.5,female_hiv_prevalence,0.02694416570826806,0.01871995075431396,0.031606704500591574
1967.5,female_hiv_prevalence,0.027799629259671846,0.02050604303172487,0.034132672941118915
1968.5,female_hiv_prevalence,0.028948895830497857,0.02296442790428075,0.03400149375424943
1969.5,female_hiv_prevalence,0.03002047151976868,0.02334278825709945,0.03512539350083915
1970.5,female_hiv_prevalence,0.0307289016550053,0.0236602530929293,0.03516295531306907
1971.5,female_hiv_prevalence,0.0313968394037472,0.025007608783960793,0.03663884042982617
1972.5,female_hiv_prevalence,0.0320208735394317,0.025266634367710834,0.036348569243951724
1973.5,female_hiv_prevalence,0.03237148313703543,0.025783323968329525,0.036527294047388977
1974.5,female_hiv_prevalence,0.03238834150131628,0.026999869903998025,0.0372129636163008
1975.5,female_hiv_prevalence,0.03201216698633176,0.027302112713879605,0.03742606572267031
1976.5,female_hiv_prevalence,0.032777946495431275,0.02714015098387566,0.037642021764744404
1977.5,female_hiv_prevalence,0.03332717814378072,0.027318417595095342,0.038246952583579866
1978.5,female_hiv_prevalence,0.03312063150160252,0.02805139016985038,0.037655844547122765
1979.5,female_hiv_prevalence,0.03303830539828671,0.028163068282769495,0.038210951407685885
1980.5,female_hiv_prevalence,0.033709336956519856,0.028005306784363006,0.03841409886824593
1981.5,female_hiv_prevalence,0.033633503200608754,0.02851981876587978,0.038416158346107274
1982.5,female_hiv_prevalence,0.03414178871181098,0.02853291948875274,0.03867354786991981
1983.5,female_hiv_prevalence,0.03479461891520178,0.029377265778189294,0.03903679880673793
1984.5,female_hiv_prevalence,0.03507473096465617,0.0299718378203621,0.038815294603207894
1985.5,female_hiv_prevalence,0.03469967656195733,0.03103608380426476,0.04022022995918304
1986.5,female_hiv_prevalence,0.035712951737263306,0.03184807042504081,0.04210461987423107
1987.5,female_hiv_prevalence,0.038172497512553506,0.033861222694597015,0.042481306296394114
1988.5,female_hiv_prevalence,0.04193240926700732,0.03734533951101299,0.045432992526743876
1989.5,female_hiv_prevalence,0.04596338361641088,0.04097657412665735,0.04992800221175724
1990.5,female_hiv_prevalence,0.04980475250352532,0.04364574722926945,0.0545058131641954
1991.5,female_hiv_prevalence,0.05391091749125751,0.04756154538767912,0.05886800707783426
1992.5,female_hiv_prevalence,0.05750061569618599,0.05210457211949468,0.063211712763105
1993.5,female_hiv_prevalence,0.060580002391792453,0.055284221801751784,0.06635992885650692
1994.5,female_hiv_prevalence,0.05924022858247695,0.053446170235422814,0.0643626063014342
1995.5,female_hiv_prevalence,0.06146838019429994,0.05488094244046616,0.06839991888285145
1996.5,female_hiv_prevalence,0.05742217526859313,0.05173176487249126,0.06297860221403222
1997.5,female_hiv_prevalence,0.04842577384616985,0.043485611965162145,0.05153769965987055
1998.5,female_hiv_prevalence,0.047572393668561544,0.04315601226714087,0.050894906054467295
1999.5,female_hiv_prevalence,0.049148445059540344,0.045052158952193236,0.0526696322731053
2000.5,female_hiv_prevalence,0.04945078282123068,0.04557014670552414,0.053111545833443914
2001.5,female_hiv_prevalence,0.04917373317995072,0.044873362164783874,0.05369025256733519
2002.5,female_hiv_prevalence,0.04822019079650382,0.04393649943683524,0.05283258243994207
2003.5,female_hiv_prevalence,0.04661581275051238,0.04198418576296737,0.050510950248838164
2004.5,female_hiv_prevalence,0.04476165388063047,0.040064469873279475,0.04866521874146929
2005.5,female_hiv_prevalence,0.04404563183399886,0.03983542991182242,0.0477064951967949
2006.5,female_hiv_prevalence,0.043516664677811824,0.03960139938366697,0.04707073066361346
2007.5,female_hiv_prevalence,0.042665779628541844,0.04008435953432201,0.04623958169578091
2008.5,female_hiv_prevalence,0.04190809462600785,0.038711926481494,0.045192669156272
2009.5,female_hiv_prevalence,0.04075420045463267,0.03731228332419342,0.043699402766914634
2010.5,female_hiv_prevalence,0.03926811134382878,0.03578771440469719,0.04252848072759993
2011.5,female_hiv_prevalence,0.03781898124327882,0.03409940123265557,0.04111507006636115
2012.5,female_hiv_prevalence,0.036177521622307,0.03291600146515493,0.039367474259525775
2013.5,female_hiv_prevalence,0.03500485222089816,0.03175099992884659,0.03749507430345933
2014.5,female_hiv_prevalence,0.03369021262233486,0.03043321138913194,0.037219383633523666
2015.5,female_hiv_prevalence,0.03234164506848636,0.02920093327461521,0.035373686894203345
2016.5,female_hiv_prevalence,0.031145873207103533,0.027743157401792545,0.03391764439612626
2017.5,female_hiv_prevalence,0.02995777134765213,0.02651234425619449,0.033445828208157974
2018.5,female_hiv_prevalence,0.028739701985593436,0.025283473491121047,0.03187758336857127
2019.5,female_hiv_prevalence,0.027161394079225964,0.02466583592306347,0.02985310438950232
2020.5,female_hiv_prevalence,0.025578437793996524,0.023436404444989775,0.02834747037382238
2021.5,female_hiv_prevalence,0.02421240320694793,0.021963565157199435,0.026978117448692225
2022.5,female_hiv_prevalence,0.022835437250287714,0.020609305956958143,0.02563103142522502
2023.5,female_hiv_prevalence,0.02141713487291662,0.019378089359866797,0.024125891514772662
2024.5,female_hiv_prevalence,0.020037569426428745,0.01818717547692568,0.02231140322262793
1960.5,male_hiv_prevalence,0.014670560727936405,0.010331857553511304,0.020481108777137755
1961.5,male_hiv_prevalence,0.016563071860206533,0.010624497076749789,0.023420966303405788
1962.5,male_hiv_prevalence,0.019470002570055413,0.012784225917674643,0.02689451714737376
1963.5,male_hiv_prevalence,0.020804426281819006,0.016186551144680643,0.02716884296267788
1964.5,male_hiv_prevalence,0.02260891239845663,0.01602823343999222,0.029921947854534812
1965.5,male_hiv_prevalence,0.02442525516625773,0.017799045615117772,0.0324885362215715
1966.5,male_hiv_prevalence,0.025071562042458605,0.019473102418980287,0.031683339022624865
1967.5,male_hiv_prevalence,0.025697499374696234,0.020673378990439292,0.032266246849628456
1968.5,male_hiv_prevalence,0.026268279628603876,0.021565069278039535,0.033698971618286645
1969.5,male_hiv_prevalence,0.02661640433310252,0.02270800445369558,0.03421931373820459
1970.5,male_hiv_prevalence,0.02708097030607356,0.023394779329616096,0.03446936247094734
1971.5,male_hiv_prevalence,0.0271335319656454,0.023636271575847363,0.03502977267409709
1972.5,male_hiv_prevalence,0.02750163340626466,0.023414406431011895,0.035770634843893104
1973.5,male_hiv_prevalence,0.02730039680569088,0.02321040272451145,0.035055427318581904
1974.5,male_hiv_prevalence,0.027101599903024153,0.023217153794134433,0.03525278309720457
1975.5,male_hiv_prevalence,0.026968927420129296,0.023088167183101877,0.03488333803509449
1976.5,male_hiv_prevalence,0.027249339377966263,0.022726331704400714,0.033711612588772914
1977.5,male_hiv_prevalence,0.02726291241410865,0.021572061317090947,0.033347940456838455
1978.5,male_hiv_prevalence,0.027304610181511747,0.02074806563856938,0.03246771905553026
1979.5,male_hiv_prevalence,0.027303944246207155,0.021944343831003677,0.03233618345048459
1980.5,male_hiv_prevalence,0.028048718009515992,0.022988509400540424,0.03216728833361346
1981.5,male_hiv_prevalence,0.027463489683723113,0.023193766054334302,0.03260928460473743
1982.5,male_hiv_prevalence,0.028499066822274377,0.024240056669029637,0.03238568914523447
1983.5,male_hiv_prevalence,0.028648375050738705,0.02386938197663274,0.031735845552531214
1984.5,male_hiv_prevalence,0.02879672525478543,0.02389892694671031,0.03191628955966347
1985.5,male_hiv_prevalence,0.029262848406409428,0.02469290452392914,0.03293177600662033
1986.5,male_hiv_prevalence,0.030255567491830726,0.02535312010739063,0.03333792182156853
1987.5,male_hiv_prevalence,0.03156230045683195,0.026813606979625107,0.03488135146882674
1988.5,male_hiv_prevalence,0.033858328598347906,0.028592338576757165,0.03747575995270362
1989.5,male_hiv_prevalence,0.03628213803297782,0.030013651588748934,0.03992854500889301
1990.5,male_hiv_prevalence,0.0392026556835889,0.03261313512407472,0.043993761019398926
1991.5,male_hiv_prevalence,0.04158397100504739,0.03619232864062296,0.04575294582582319
1992.5,male_hiv_prevalence,0.04322777738079364,0.03829262672053083,0.04841709282890511
1993.5,male_hiv_prevalence,0.04499340213082423,0.04012110572152872,0.049690757910416446
1994.5,male_hiv_prevalence,0.040728285271901116,0.037273383630196076,0.04561244983670258
1995.5,male_hiv_prevalence,0.04061990181478639,0.03456805803446121,0.04556873598258505
1996.5,male_hiv_prevalence,0.03772791148432345,0.032911034269215794,0.04413550926754317
1997.5,male_hiv_prevalence,0.031552122801882666,0.02720346208170887,0.0359505932227394
1998.5,male_hiv_prevalence,0.03052079656257442,0.026286251363502378,0.03563784170182271
1999.5,male_hiv_prevalence,0.031324136859830425,0.026409202881331827,0.03714291631005522
2000.5,male_hiv_prevalence,0.03131240473360901,0.02698495031745347,0.037086630210077215
2001.5,male_hiv_prevalence,0.0313703615588081,0.026648115064957737,0.036703740693786645
2002.5,male_hiv_prevalence,0.031054452622947704,0.026605558556030508,0.035333720088638276
2003.5,male_hiv_prevalence,0.02990292962437341,0.026267597329656278,0.034083903410471884
2004.5,male_hiv_prevalence,0.028304656154532017,0.025042999262152567,0.03234339859857001
2005.5,male_hiv_prevalence,0.0270630270997948,0.023406638947313204,0.03133528801447836
2006.5,male_hiv_prevalence,0.025944672412018865,0.02193680439557021,0.030099337054322644
2007.5,male_hiv_prevalence,0.024989236866166584,0.021212165708096708,0.028082776709605458
2008.5,male_hiv_prevalence,0.024023195621367767,0.020458805878984732,0.027274342157977333
2009.5,male_hiv_prevalence,0.022657098881389167,0.018974687115914962,0.026030778621126932
2010.5,male_hiv_prevalence,0.020756406591755316,0.017650841555466614,0.024635001344026408
2011.5,male_hiv_prevalence,0.019591215807784945,0.016412434993707196,0.023020966755675328
2012.5,male_hiv_prevalence,0.018285005168577877,0.015567827158391515,0.02212752358443328
2013.5,male_hiv_prevalence,0.01700376233212405,0.014413543265948433,0.020522302097137585
2014.5,male_hiv_prevalence,0.01573177104819492,0.01321307368150843,0.018619640317330717
2015.5,male_hiv_prevalence,0.014917199482947077,0.01223959239268621,0.017424662681188374
2016.5,male_hiv_prevalence,0.014042086068950122,0.011714364895075807,0.0164702476835653
2017.5,male_hiv_prevalence,0.013002689672107597,0.011016544607609794,0.015108659988812884
2018.5,male_hiv_prevalence,0.012132105728228794,0.010135614467946053,0.014134500185379179
2019.5,male_hiv_prevalence,0.011160913820789542,0.009221411712736105,0.012874455842606452
2020.5,male_hiv_prevalence,0.010381134198133465,0.008458461283113932,0.011719201825565516
2021.5,male_hiv_prevalence,0.009540354897051604,0.007618052074565479,0.010770803266548357
2022.5,male_hiv_prevalence,0.00864165885073348,0.0069117508528113766,0.010161681348096495
2023.5,male_hiv_prevalence,0.007970032456135052,0.006296501410098938,0.009202347541708185
2024.5,male_hiv_prevalence,0.00723024732233038,0.0056580261877825526,0.00841449775988852
1960.5,hiv_infections,5063.5826,2814.7562100000005,7841.106584999999
1961.5,hiv_infections,5063.5826,2382.8624,6783.711394999999
1962.5,hiv_infections,5212.5115,3343.453805,8340.0184
1963.5,hiv_infections,5510.3693,3574.2936,8042.1606
1964.5,hiv_infections,5361.4403999999995,2978.5779999999995,7677.284795
1965.5,hiv_infections,5063.5826,3045.596005,8340.0184
1966.5,hiv_infections,5361.4403999999995,3276.4358,7744.3027999999995
1967.5,hiv_infections,5659.2982,3276.4358,8205.98239
1968.5,hiv_infections,5957.156,3939.1694049999996,7975.142594999999
1969.5,hiv_infections,6552.8715999999995,3343.453805,8273.000395000001
1970.5,hiv_infections,6403.9427,4237.027205,9397.413589999998
1971.5,hiv_infections,7148.5872,4534.885005,9464.431595
1972.5,hiv_infections,7744.3027999999995,4832.742805,10358.004995
1973.5,hiv_infections,6850.7294,5063.5826,10127.1652
1974.5,hiv_infections,6850.7294,5063.5826,9993.129189999998
1975.5,hiv_infections,8042.1606,5361.4403999999995,11415.400184999999
1976.5,hiv_infections,8340.0184,5130.600605,11482.418189999999
1977.5,hiv_infections,8935.734,5495.476409999999,11482.418189999999
1978.5,hiv_infections,8637.8762,6024.174005,12145.151795
1979.5,hiv_infections,8637.8762,6322.031805,12770.653175
1980.5,hiv_infections,9233.591799999998,6686.90761,11780.275989999998
1981.5,hiv_infections,9382.520700000001,6619.889604999999,11914.312000000002
1982.5,hiv_infections,9680.378499999999,6619.889604999999,13403.601
1983.5,hiv_infections,9978.2363,7446.445,13336.582995
1984.5,hiv_infections,10722.880799999999,7513.4630050000005,13336.582995
1985.5,hiv_infections,10722.880799999999,7215.605205,15153.515574999998
1986.5,hiv_infections,14446.103299999999,10722.880799999999,19226.72099
1987.5,hiv_infections,17871.468,13768.476805,23098.872389999997
1988.5,hiv_infections,21743.619400000003,17774.664215,25615.770800000002
1989.5,hiv_infections,24424.3396,19658.6148,29748.547775000003
1990.5,hiv_infections,27105.059799999995,22108.495205,31803.766594999997
1991.5,hiv_infections,25615.7708,19926.686820000003,31275.069000000003
1992.5,hiv_infections,25913.628599999996,21415.97582,33322.841374999996
1993.5,hiv_infections,25466.8419,20321.348405,29190.064400000003
1994.5,hiv_infections,25764.699699999997,20723.456435,30709.139179999995
1995.5,hiv_infections,17126.8235,12807.8854,20418.15219
1996.5,hiv_infections,14892.89,10395.237219999999,18995.881194999998
1997.5,hiv_infections,19658.614799999996,16747.054805,23694.587990000004
1998.5,hiv_infections,22339.335,17938.486005,26308.290184999998
1999.5,hiv_infections,20254.3304,15987.517415,24684.965174999998
2000.5,hiv_infections,19658.6148,15488.605599999999,23329.712184999997
2001.5,hiv_infections,16977.8946,13403.600999999999,21445.761599999998
2002.5,hiv_infections,15637.534499999998,11981.330005,18995.881194999998
2003.5,hiv_infections,13701.4588,9896.325405,17968.271784999997
2004.5,hiv_infections,12807.8854,9531.4496,16709.822579999996
2005.5,hiv_infections,12361.0987,9300.609805,15786.4634
2006.5,hiv_infections,11467.5253,7282.623210000001,14528.014195000002
2007.5,hiv_infections,10722.880799999999,7744.3027999999995,14230.156395000002
2008.5,hiv_infections,10722.8808,7513.4630050000005,14230.156395
2009.5,hiv_infections,9531.4496,5726.316205,12510.027600000001
2010.5,hiv_infections,8637.8762,6255.0138,12510.027600000001
2011.5,hiv_infections,9233.5918,5495.47641,12375.991589999998
2012.5,hiv_infections,8488.9473,5428.458404999999,12107.919569999996
2013.5,hiv_infections,7595.3739000000005,5063.5826,10425.023
2014.5,hiv_infections,6999.658299999999,4237.027205,9233.5918
2015.5,hiv_infections,6255.013800000001,4170.0092,9397.413589999998
2016.5,hiv_infections,5063.5826,2747.7382049999997,7841.106584999999
2017.5,hiv_infections,4467.867,2382.8624,5957.156
2018.5,hiv_infections,3425.3647,1854.1648050000001,5823.119989999998
2019.5,hiv_infections,3276.4357999999997,1787.1468,4765.7248
2020.5,hiv_infections,2680.7202,1191.4312,4467.867
2021.5,hiv_infections,3425.3647,1787.1468,4765.7248
2022.5,hiv_infections,2680.7201999999997,1258.4492050000001,5689.083979999999
2023.5,hiv_infections,2829.6491,1258.4492050000001,4467.867
2024.5,hiv_infections,2382.8624,960.591405,4170.0092
1960.5,hiv_deaths,61358.7068,55006.889215,69959.350775
1961.5,hiv_deaths,2978.5780000000004,1325.46721,4467.867
1962.5,hiv_deaths,2978.5780000000004,1489.289,5227.40439
1963.5,hiv_deaths,3276.4358,1556.3070050000001,4698.706794999999
1964.5,hiv_deaths,2680.7201999999997,1489.289,4170.0092
1965.5,hiv_deaths,2978.5779999999995,1258.4492050000001,4467.867
1966.5,hiv_deaths,2978.578,1258.4492050000001,4467.867
1967.5,hiv_deaths,2978.5779999999995,1325.46721,4765.7248
1968.5,hiv_deaths,2829.6491,1325.46721,4170.0092
1969.5,hiv_deaths,2680.7201999999997,1258.4492050000001,4102.991195
1970.5,hiv_deaths,2680.7201999999997,1191.4312,4102.991194999999
1971.5,hiv_deaths,3276.4358,1258.4492050000001,4996.564594999999
1972.5,hiv_deaths,3276.4358,1787.1468,5063.5826
1973.5,hiv_deaths,3574.2936,2152.022605,5361.4404
1974.5,hiv_deaths,3872.1513999999997,1787.1468,5890.137994999999
1975.5,hiv_deaths,3872.1513999999997,1854.1648050000001,6418.83559
1976.5,hiv_deaths,4021.0803,2449.880405,7081.569195
1977.5,hiv_deaths,4467.867,1787.1468,7081.569194999999
1978.5,hiv_deaths,5063.5826,2747.738205,6716.693389999999
1979.5,hiv_deaths,4467.867,2382.8624,7148.5872
1980.5,hiv_deaths,5063.5826,3045.596005,7081.569194999999
1981.5,hiv_deaths,5063.5826,3276.4357999999997,6850.729399999999
1982.5,hiv_deaths,5063.5826,3276.4358,7446.445
1983.5,hiv_deaths,5659.2982,3574.2936,7148.5872
1984.5,hiv_deaths,5361.4404,3574.2936,8369.804179999997
1985.5,hiv_deaths,5659.298199999999,3276.4358,7975.142594999999
1986.5,hiv_deaths,6552.8715999999995,3872.1514,9464.431595
1987.5,hiv_deaths,5957.156,3708.32961,9233.5918
1988.5,hiv_deaths,6850.729400000001,4765.7248,9464.431595
1989.5,hiv_deaths,6850.7294,4237.027205,9166.573795
1990.5,hiv_deaths,7595.3739000000005,5130.600605,9829.3074
1991.5,hiv_deaths,7595.3739,5130.6006050000005,10060.147195
1992.5,hiv_deaths,7446.445,5063.5826,11482.418189999999
1993.5,hiv_deaths,7744.3027999999995,5659.298199999999,11251.578394999999
1994.5,hiv_deaths,7148.5872,4601.90301,10655.862795
1995.5,hiv_deaths,5808.2271,2747.738205,8042.1606
1996.5,hiv_deaths,6403.9427,3410.47181,9099.555789999999
1997.5,hiv_deaths,5957.156000000001,4237.027205,9464.431595
1998.5,hiv_deaths,6701.800499999999,4304.04521,8340.0184
1999.5,hiv_deaths,8340.0184,5063.5826,11415.400184999999
2000.5,hiv_deaths,9084.6629,6389.0498099999995,11914.312
2001.5,hiv_deaths,9233.5918,7215.605205,12740.867395
2002.5,hiv_deaths,10276.094099999998,6984.76541,14096.120384999998
2003.5,hiv_deaths,11914.312,8474.054409999999,16248.142989999998
2004.5,hiv_deaths,10722.880799999999,8042.1606,14460.996189999998
2005.5,hiv_deaths,8935.734,6024.174005,12212.1698
2006.5,hiv_deaths,7297.5161,4601.90301,10127.1652
2007.5,hiv_deaths,7744.3027999999995,5495.47641,11713.257984999998
2008.5,hiv_deaths,9233.5918,5726.316205,11914.312
2009.5,hiv_deaths,9084.6629,6552.8716,11780.275989999998
2010.5,hiv_deaths,8935.734,5659.298199999999,12145.151795
2011.5,hiv_deaths,8637.8762,5495.476409999999,11914.312
2012.5,hiv_deaths,8042.160599999999,5659.2982,10953.720595
2013.5,hiv_deaths,6850.7294,4765.7248,9166.573795
2014.5,hiv_deaths,5957.156000000001,3343.4538049999996,9330.395584999998
2015.5,hiv_deaths,4467.867,3276.4357999999997,7148.5872
2016.5,hiv_deaths,3425.3647,1787.1468,5063.5826
2017.5,hiv_deaths,2680.7201999999997,729.75161,4400.848994999999
2018.5,hiv_deaths,2382.8624,893.5734,3574.2936
2019.5,hiv_deaths,1787.1468,364.875805,3276.4358
2020.5,hiv_deaths,1787.1468,662.733605,2680.7202
2021.5,hiv_deaths,1489.289,595.7156,2613.7021949999994
2022.5,hiv_deaths,1191.4312,297.8578,2613.7021949999994
2023.5,hiv_deaths,1191.4312,297.8578,2315.8443949999996
2024.5,hiv_deaths,1191.4312,67.01800500000003,2085.0046
